Scans: 1	Points: 2600	time: 333.000000
Energy(calc)	Energy(meas)	Sum	Scan1
1500	1482.9	1090	1090
1499.5	1483.42	962	962
1499	1482.24	966	966
1498.5	1482.28	988	988
1498	1480.96	927	927
1497.5	1480.94	868	868
1497	1480.99	1025	1025
1496.5	1479.76	964	964
1496	1479.77	996	996
1495.5	1478.55	952	952
1495	1478.53	898	898
1494.5	1477.36	933	933
1494	1477.4	952	952
1493.5	1477.36	961	961
1493	1476.13	919	919
1492.5	1476.15	964	964
1492	1474.92	982	982
1491.5	1474.96	1000	1000
1491	1474.97	936	936
1490.5	1473.68	970	970
1490	1473.71	1001	1001
1489.5	1472.57	940	940
1489	1472.53	1063	1063
1488.5	1472.57	1037	1037
1488	1471.3	985	985
1487.5	1471.3	907	907
1487	1470.14	926	926
1486.5	1470.15	917	917
1486	1468.89	974	974
1485.5	1468.91	986	986
1485	1468.9	1009	1009
1484.5	1467.7	959	959
1484	1467.72	930	930
1483.5	1466.47	933	933
1483	1466.46	951	951
1482.5	1466.51	978	978
1482	1465.3	1012	1012
1481.5	1465.3	960	960
1481	1464.09	936	936
1480.5	1464.08	996	996
1480	1464.08	964	964
1479.5	1462.95	942	942
1479	1462.94	962	962
1478.5	1461.71	1009	1009
1478	1461.71	918	918
1477.5	1461.66	962	962
1477	1460.5	876	876
1476.5	1460.51	956	956
1476	1459.22	968	968
1475.5	1459.25	972	972
1475	1458.09	1067	1067
1474.5	1458.07	943	943
1474	1458.09	951	951
1473.5	1456.84	945	945
1473	1456.82	1010	1010
1472.5	1455.7	924	924
1472	1455.71	1002	1002
1471.5	1455.66	931	931
1471	1454.47	901	901
1470.5	1454.45	924	924
1470	1453.26	1001	1001
1469.5	1453.3	942	942
1469	1453.29	1017	1017
1468.5	1452.05	939	939
1468	1452.05	980	980
1467.5	1450.9	1039	1039
1467	1450.87	999	999
1466.5	1450.9	990	990
1466	1449.64	915	915
1465.5	1449.65	867	867
1465	1448.5	942	942
1464.5	1448.48	935	935
1464	1447.2	949	949
1463.5	1447.22	1013	1013
1463	1447.21	904	904
1462.5	1446.03	960	960
1462	1446.06	995	995
1461.5	1444.81	990	990
1461	1444.8	999	999
1460.5	1444.81	928	928
1460	1443.64	950	950
1459.5	1443.65	991	991
1459	1442.4	947	947
1458.5	1442.4	951	951
1458	1442.39	962	962
1457.5	1441.24	1003	1003
1457	1441.19	928	928
1456.5	1439.96	978	978
1456	1439.98	977	977
1455.5	1439.96	938	938
1455	1438.8	965	965
1454.5	1438.8	978	978
1454	1437.55	1016	1016
1453.5	1437.56	937	937
1453	1436.42	981	981
1452.5	1436.37	948	948
1452	1436.39	987	987
1451.5	1435.16	978	978
1451	1435.13	920	920
1450.5	1433.99	956	956
1450	1433.96	907	907
1449.5	1433.95	928	928
1449	1432.75	988	988
1448.5	1432.75	1043	1043
1448	1431.56	915	915
1447.5	1431.58	981	981
1447	1431.56	934	934
1446.5	1430.31	910	910
1446	1430.34	903	903
1445.5	1429.15	960	960
1445	1429.13	1004	1004
1444.5	1427.92	1019	1019
1444	1427.88	1023	1023
1443.5	1427.89	964	964
1443	1426.74	1006	1006
1442.5	1426.71	953	953
1442	1425.49	1022	1022
1441.5	1425.51	955	955
1441	1425.49	923	923
1440.5	1424.32	970	970
1440	1424.34	901	901
1439.5	1423.1	974	974
1439	1423.1	944	944
1438.5	1423.11	1003	1003
1438	1421.93	962	962
1437.5	1421.93	966	966
1437	1420.82	942	942
1436.5	1420.81	1000	1000
1436	1420.84	965	965
1435.5	1419.67	918	918
1435	1419.65	993	993
1434.5	1418.52	963	963
1434	1418.51	904	904
1433.5	1417.34	1019	1019
1433	1417.35	967	967
1432.5	1417.34	1017	1017
1432	1416.18	949	949
1431.5	1416.2	1032	1032
1431	1415.09	979	979
1430.5	1415.07	930	930
1430	1415.08	1024	1024
1429.5	1413.95	1073	1073
1429	1413.93	929	929
1428.5	1412.69	1011	1011
1428	1412.7	959	959
1427.5	1412.67	945	945
1427	1411.56	939	939
1426.5	1411.54	944	944
1426	1410.25	890	890
1425.5	1410.3	951	951
1425	1410.29	927	927
1424.5	1409.09	949	949
1424	1409.14	996	996
1423.5	1407.82	958	958
1423	1407.8	1035	1035
1422.5	1406.65	983	983
1422	1406.62	959	959
1421.5	1406.62	918	918
1421	1405.39	995	995
1420.5	1405.38	999	999
1420	1404.2	906	906
1419.5	1404.22	930	930
1419	1404.2	949	949
1418.5	1402.93	992	992
1418	1402.96	955	955
1417.5	1401.75	963	963
1417	1401.76	886	886
1416.5	1401.78	909	909
1416	1400.48	948	948
1415.5	1400.46	936	936
1415	1399.31	944	944
1414.5	1399.3	927	927
1414	1399.3	916	916
1413.5	1398.09	914	914
1413	1398.07	959	959
1412.5	1396.9	984	984
1412	1396.91	971	971
1411.5	1395.65	930	930
1411	1395.64	1014	1014
1410.5	1395.66	1047	1047
1410	1394.47	942	942
1409.5	1394.51	938	938
1409	1393.26	963	963
1408.5	1393.24	891	891
1408	1393.29	923	923
1407.5	1392.09	987	987
1407	1392.09	968	968
1406.5	1390.86	996	996
1406	1390.83	1018	1018
1405.5	1390.82	965	965
1405	1389.69	1004	1004
1404.5	1389.67	1018	1018
1404	1388.43	995	995
1403.5	1388.45	1072	1072
1403	1387.3	914	914
1402.5	1387.26	962	962
1402	1387.3	990	990
1401.5	1386.07	987	987
1401	1386.03	1041	1041
1400.5	1384.9	927	927
1400	1384.89	908	908
1399.5	1384.87	956	956
1399	1383.65	1084	1084
1398.5	1383.65	938	938
1398	1382.46	949	949
1397.5	1382.48	1004	1004
1397	1382.5	963	963
1396.5	1381.2	993	993
1396	1381.23	923	923
1395.5	1380.05	977	977
1395	1380.04	962	962
1394.5	1380.08	1022	1022
1394	1378.82	965	965
1393.5	1378.8	994	994
1393	1377.67	966	966
1392.5	1377.66	954	954
1392	1376.38	925	925
1391.5	1376.41	980	980
1391	1376.39	979	979
1390.5	1375.21	957	957
1390	1375.26	958	958
1389.5	1373.99	985	985
1389	1373.99	909	909
1388.5	1374	919	919
1388	1372.83	926	926
1387.5	1372.84	914	914
1387	1371.6	911	911
1386.5	1371.58	948	948
1386	1371.58	946	946
1385.5	1370.45	1010	1010
1385	1370.41	999	999
1384.5	1369.18	919	919
1384	1369.18	1048	1048
1383.5	1369.15	947	947
1383	1368.03	979	979
1382.5	1368.02	950	950
1382	1366.75	1001	1001
1381.5	1366.78	963	963
1381	1365.59	1004	1004
1380.5	1365.58	999	999
1380	1365.6	993	993
1379.5	1364.36	979	979
1379	1364.33	932	932
1378.5	1363.2	1009	1009
1378	1363.21	1000	1000
1377.5	1363.18	976	976
1377	1361.92	925	925
1376.5	1361.93	938	938
1376	1360.74	969	969
1375.5	1360.77	956	956
1375	1360.77	932	932
1374.5	1359.52	1029	1029
1374	1359.53	958	958
1373.5	1358.38	979	979
1373	1358.37	995	995
1372.5	1358.41	967	967
1372	1357.13	977	977
1371.5	1357.1	914	914
1371	1355.95	994	994
1370.5	1355.94	962	962
1370	1354.72	935	935
1369.5	1354.74	937	937
1369	1354.71	1015	1015
1368.5	1353.54	948	948
1368	1353.56	920	920
1367.5	1352.29	937	937
1367	1352.29	965	965
1366.5	1352.34	932	932
1366	1351.12	967	967
1365.5	1351.1	941	941
1365	1349.93	910	910
1364.5	1349.88	956	956
1364	1349.9	919	919
1363.5	1348.74	1012	1012
1363	1348.72	992	992
1362.5	1347.52	1014	1014
1362	1347.52	906	906
1361.5	1347.51	1044	1044
1361	1346.31	996	996
1360.5	1346.33	888	888
1360	1345.1	998	998
1359.5	1345.08	1025	1025
1359	1343.92	997	997
1358.5	1343.9	970	970
1358	1343.88	961	961
1357.5	1342.64	1002	1002
1357	1342.63	949	949
1356.5	1341.41	963	963
1356	1341.42	972	972
1355.5	1341.42	925	925
1355	1340.18	998	998
1354.5	1340.19	991	991
1354	1339.01	996	996
1353.5	1339	969	969
1353	1339.02	986	986
1352.5	1337.77	952	952
1352	1337.76	897	897
1351.5	1336.54	988	988
1351	1336.51	990	990
1350.5	1335.29	964	964
1350	1335.32	950	950
1349.5	1335.31	1022	1022
1349	1334.09	970	970
1348.5	1334.13	1043	1043
1348	1332.89	996	996
1347.5	1332.88	1061	1061
1347	1332.9	967	967
1346.5	1331.7	991	991
1346	1331.71	993	993
1345.5	1330.48	985	985
1345	1330.48	1027	1027
1344.5	1330.46	1023	1023
1344	1329.31	1030	1030
1343.5	1329.27	919	919
1343	1328.05	972	972
1342.5	1328.07	975	975
1342	1328.05	1007	1007
1341.5	1326.84	993	993
1341	1326.84	1000	1000
1340.5	1325.6	917	917
1340	1325.62	894	894
1339.5	1324.37	978	978
1339	1324.36	936	936
1338.5	1324.38	980	980
1338	1323.15	890	890
1337.5	1323.12	915	915
1337	1321.94	1028	1028
1336.5	1321.95	1067	1067
1336	1321.92	942	942
1335.5	1320.73	972	972
1335	1320.74	1016	1016
1334.5	1319.54	971	971
1334	1319.53	990	990
1333.5	1319.55	980	980
1333	1318.31	958	958
1332.5	1318.32	992	992
1332	1317.13	1052	1052
1331.5	1317.11	901	901
1331	1317.15	958	958
1330.5	1315.94	971	971
1330	1315.93	956	956
1329.5	1314.76	1024	1024
1329	1314.75	994	994
1328.5	1313.53	936	936
1328	1313.54	992	992
1327.5	1313.52	978	978
1327	1312.31	986	986
1326.5	1312.32	925	925
1326	1311.1	931	931
1325.5	1311.12	973	973
1325	1311.13	972	972
1324.5	1309.92	948	948
1324	1309.94	959	959
1323.5	1308.77	928	928
1323	1308.72	934	934
1322.5	1308.73	959	959
1322	1307.52	984	984
1321.5	1307.51	970	970
1321	1306.32	1087	1087
1320.5	1306.35	924	924
1320	1306.31	1004	1004
1319.5	1305.11	984	984
1319	1305.12	1008	1008
1318.5	1303.9	989	989
1318	1303.9	963	963
1317.5	1302.68	934	934
1317	1302.68	1003	1003
1316.5	1302.66	973	973
1316	1301.51	1021	1021
1315.5	1301.48	951	951
1315	1300.28	927	927
1314.5	1300.3	913	913
1314	1300.28	1007	1007
1313.5	1299.08	895	895
1313	1299.1	874	874
1312.5	1297.83	960	960
1312	1297.85	1030	1030
1311.5	1297.86	969	969
1311	1296.67	996	996
1310.5	1296.67	946	946
1310	1295.47	968	968
1309.5	1295.45	933	933
1309	1294.28	918	918
1308.5	1294.29	957	957
1308	1294.25	1025	1025
1307.5	1293.04	997	997
1307	1293.04	1012	1012
1306.5	1291.85	916	916
1306	1291.87	982	982
1305.5	1291.87	1079	1079
1305	1290.64	950	950
1304.5	1290.64	998	998
1304	1289.48	1017	1017
1303.5	1289.47	988	988
1303	1289.5	975	975
1302.5	1288.2	1063	1063
1302	1288.22	986	986
1301.5	1287.07	958	958
1301	1287.05	1007	1007
1300.5	1287.05	939	939
1300	1285.82	976	976
1299.5	1285.79	952	952
1299	1284.64	963	963
1298.5	1284.65	969	969
1298	1283.36	987	987
1297.5	1283.37	937	937
1297	1283.38	972	972
1296.5	1282.21	919	919
1296	1282.22	983	983
1295.5	1281	955	955
1295	1280.98	1012	1012
1294.5	1280.98	980	980
1294	1279.85	972	972
1293.5	1279.83	999	999
1293	1278.55	898	898
1292.5	1278.58	1008	1008
1292	1278.58	947	947
1291.5	1277.43	981	981
1291	1277.44	957	957
1290.5	1276.18	955	955
1290	1276.15	1002	1002
1289.5	1276.19	946	946
1289	1275.02	986	986
1288.5	1275.02	972	972
1288	1273.77	990	990
1287.5	1273.74	975	975
1287	1272.62	938	938
1286.5	1272.64	952	952
1286	1272.61	1021	1021
1285.5	1271.35	968	968
1285	1271.37	969	969
1284.5	1270.25	977	977
1284	1270.25	979	979
1283.5	1270.25	954	954
1283	1268.97	962	962
1282.5	1268.95	994	994
1282	1267.8	936	936
1281.5	1267.81	942	942
1281	1267.78	996	996
1280.5	1266.57	1001	1001
1280	1266.56	909	909
1279.5	1265.41	930	930
1279	1265.42	976	976
1278.5	1265.41	981	981
1278	1264.27	920	920
1277.5	1264.28	936	936
1277	1263.13	992	992
1276.5	1263.11	998	998
1276	1261.95	972	972
1275.5	1261.93	975	975
1275	1261.95	964	964
1274.5	1260.83	1038	1038
1274	1260.8	1000	1000
1273.5	1259.64	927	927
1273	1259.65	1011	1011
1272.5	1259.65	1038	1038
1272	1258.54	889	889
1271.5	1258.56	990	990
1271	1257.34	990	990
1270.5	1257.35	988	988
1270	1257.36	884	884
1269.5	1256.13	1005	1005
1269	1256.12	948	948
1268.5	1254.95	968	968
1268	1254.91	979	979
1267.5	1253.73	1013	1013
1267	1253.74	1010	1010
1266.5	1253.71	1056	1056
1266	1252.46	1018	1018
1265.5	1252.46	1026	1026
1265	1251.23	958	958
1264.5	1251.24	948	948
1264	1251.25	994	994
1263.5	1249.99	947	947
1263	1250.01	969	969
1262.5	1248.76	932	932
1262	1248.73	1009	1009
1261.5	1248.76	1048	1048
1261	1247.51	1005	1005
1260.5	1247.51	967	967
1260	1246.2	967	967
1259.5	1246.2	1022	1022
1259	1246.19	980	980
1258.5	1244.97	1008	1008
1258	1244.98	1055	1055
1257.5	1243.77	938	938
1257	1243.81	1003	1003
1256.5	1242.56	947	947
1256	1242.55	952	952
1255.5	1242.58	959	959
1255	1241.36	1050	1050
1254.5	1241.34	1022	1022
1254	1240.16	968	968
1253.5	1240.14	1013	1013
1253	1240.14	969	969
1252.5	1238.97	1005	1005
1252	1238.96	1005	1005
1251.5	1237.77	972	972
1251	1237.8	982	982
1250.5	1237.77	946	946
1250	1236.54	946	946
1249.5	1236.57	915	915
1249	1235.35	984	984
1248.5	1235.35	1047	1047
1248	1235.36	1002	1002
1247.5	1234.16	981	981
1247	1234.15	925	925
1246.5	1232.97	985	985
1246	1232.94	943	943
1245.5	1231.76	996	996
1245	1231.76	991	991
1244.5	1231.74	998	998
1244	1230.58	976	976
1243.5	1230.58	974	974
1243	1229.34	968	968
1242.5	1229.36	1048	1048
1242	1229.36	985	985
1241.5	1228.16	982	982
1241	1228.18	960	960
1240.5	1226.91	976	976
1240	1226.9	979	979
1239.5	1226.92	974	974
1239	1225.74	949	949
1238.5	1225.74	983	983
1238	1224.52	939	939
1237.5	1224.54	981	981
1237	1224.53	981	981
1236.5	1223.37	943	943
1236	1223.35	1026	1026
1235.5	1222.11	966	966
1235	1222.12	929	929
1234.5	1220.94	988	988
1234	1220.9	890	890
1233.5	1220.95	1008	1008
1233	1219.71	946	946
1232.5	1219.69	1008	1008
1232	1218.52	964	964
1231.5	1218.52	955	955
1231	1218.52	999	999
1230.5	1217.29	945	945
1230	1217.27	968	968
1229.5	1216.11	989	989
1229	1216.11	1000	1000
1228.5	1216.09	999	999
1228	1214.86	1023	1023
1227.5	1214.87	1017	1017
1227	1213.69	997	997
1226.5	1213.68	973	973
1226	1212.46	890	890
1225.5	1212.45	1012	1012
1225	1212.45	1007	1007
1224.5	1211.32	1007	1007
1224	1211.3	1048	1048
1223.5	1210.05	1018	1018
1223	1210.07	968	968
1222.5	1210.08	990	990
1222	1208.87	966	966
1221.5	1208.92	1031	1031
1221	1207.63	984	984
1220.5	1207.6	950	950
1220	1207.62	1012	1012
1219.5	1206.45	1057	1057
1219	1206.43	990	990
1218.5	1205.24	948	948
1218	1205.23	994	994
1217.5	1205.21	956	956
1217	1204.08	948	948
1216.5	1204.07	1041	1041
1216	1202.8	961	961
1215.5	1202.8	1026	1026
1215	1201.63	1004	1004
1214.5	1201.62	1015	1015
1214	1201.65	965	965
1213.5	1200.4	964	964
1213	1200.39	1067	1067
1212.5	1199.26	1090	1090
1212	1199.24	994	994
1211.5	1199.23	1101	1101
1211	1198	1069	1069
1210.5	1197.96	1151	1151
1210	1196.82	1058	1058
1209.5	1196.84	1045	1045
1209	1196.82	1010	1010
1208.5	1195.57	947	947
1208	1195.6	1053	1053
1207.5	1194.42	978	978
1207	1194.41	953	953
1206.5	1194.44	966	966
1206	1193.17	937	937
1205.5	1193.18	1036	1036
1205	1192.04	1030	1030
1204.5	1192	1015	1015
1204	1190.79	1035	1035
1203.5	1190.77	942	942
1203	1190.77	1038	1038
1202.5	1189.61	1022	1022
1202	1189.62	943	943
1201.5	1188.33	1002	1002
1201	1188.36	980	980
1200.5	1188.35	1002	1002
1200	1187.15	943	943
1199.5	1187.16	1088	1088
1199	1185.91	973	973
1198.5	1185.89	1053	1053
1198	1185.89	1084	1084
1197.5	1184.74	992	992
1197	1184.73	1035	1035
1196.5	1183.44	956	956
1196	1183.44	1065	1065
1195.5	1183.43	1103	1103
1195	1182.28	1019	1019
1194.5	1182.29	1038	1038
1194	1180.99	936	936
1193.5	1181	1013	1013
1193	1179.81	1028	1028
1192.5	1179.8	1015	1015
1192	1179.81	997	997
1191.5	1178.56	999	999
1191	1178.54	1022	1022
1190.5	1177.39	997	997
1190	1177.41	889	889
1189.5	1177.39	1047	1047
1189	1176.16	1009	1009
1188.5	1176.17	905	905
1188	1174.99	1095	1095
1187.5	1175	1020	1020
1187	1175.01	974	974
1186.5	1173.72	1007	1007
1186	1173.73	991	991
1185.5	1172.55	1025	1025
1185	1172.53	983	983
1184.5	1172.55	984	984
1184	1171.31	951	951
1183.5	1171.29	929	929
1183	1170.11	985	985
1182.5	1170.14	1024	1024
1182	1168.81	1060	1060
1181.5	1168.82	1016	1016
1181	1168.83	1063	1063
1180.5	1167.63	974	974
1180	1167.62	999	999
1179.5	1166.38	1007	1007
1179	1166.37	1011	1011
1178.5	1166.37	995	995
1178	1165.25	1041	1041
1177.5	1165.22	1043	1043
1177	1163.97	1023	1023
1176.5	1164.01	981	981
1176	1163.99	988	988
1175.5	1162.83	964	964
1175	1162.86	1001	1001
1174.5	1161.61	1071	1071
1174	1161.59	977	977
1173.5	1160.43	995	995
1173	1160.44	1019	1019
1172.5	1160.44	1036	1036
1172	1159.2	976	976
1171.5	1159.2	1037	1037
1171	1158.02	1025	1025
1170.5	1158.03	1096	1096
1170	1158.04	1009	1009
1169.5	1156.78	1012	1012
1169	1156.8	960	960
1168.5	1155.6	1082	1082
1168	1155.62	1074	1074
1167.5	1155.61	1024	1024
1167	1154.39	1092	1092
1166.5	1154.4	1137	1137
1166	1153.22	1053	1053
1165.5	1153.2	1058	1058
1165	1153.23	992	992
1164.5	1152.01	952	952
1164	1151.99	967	967
1163.5	1150.83	982	982
1163	1150.82	1022	1022
1162.5	1149.57	1065	1065
1162	1149.59	1031	1031
1161.5	1149.58	1005	1005
1161	1148.38	916	916
1160.5	1148.4	1036	1036
1160	1147.14	1024	1024
1159.5	1147.15	995	995
1159	1147.15	1024	1024
1158.5	1146	984	984
1158	1145.99	1029	1029
1157.5	1144.77	1021	1021
1157	1144.75	1043	1043
1156.5	1144.75	989	989
1156	1143.6	974	974
1155.5	1143.56	1036	1036
1155	1142.35	1107	1107
1154.5	1142.34	1001	1001
1154	1142.33	990	990
1153.5	1141.15	980	980
1153	1141.15	1022	1022
1152.5	1139.93	1034	1034
1152	1139.93	1054	1054
1151.5	1138.77	1093	1093
1151	1138.74	1041	1041
1150.5	1138.75	1025	1025
1150	1137.55	1029	1029
1149.5	1137.53	1032	1032
1149	1136.35	1103	1103
1148.5	1136.36	1001	1001
1148	1136.36	1060	1060
1147.5	1135.14	1034	1034
1147	1135.16	1124	1124
1146.5	1133.94	1022	1022
1146	1133.94	1022	1022
1145.5	1133.93	1043	1043
1145	1132.73	1011	1011
1144.5	1132.73	1058	1058
1144	1131.54	1148	1148
1143.5	1131.52	1047	1047
1143	1131.51	1009	1009
1142.5	1130.3	1027	1027
1142	1130.32	1108	1108
1141.5	1129.07	1070	1070
1141	1129.09	1084	1084
1140.5	1127.87	1029	1029
1140	1127.87	1105	1105
1139.5	1127.86	1121	1121
1139	1126.7	1079	1079
1138.5	1126.69	1079	1079
1138	1125.5	1122	1122
1137.5	1125.49	1165	1165
1137	1125.5	1137	1137
1136.5	1124.28	1054	1054
1136	1124.31	1104	1104
1135.5	1123.1	1144	1144
1135	1123.1	1049	1049
1134.5	1123.11	1050	1050
1134	1121.87	1083	1083
1133.5	1121.88	1128	1128
1133	1120.7	1124	1124
1132.5	1120.68	1127	1127
1132	1119.47	1136	1136
1131.5	1119.48	1175	1175
1131	1119.46	1120	1120
1130.5	1118.29	1265	1265
1130	1118.26	1144	1144
1129.5	1117.06	1499	1499
1129	1117.07	1628	1628
1128.5	1117.06	1540	1540
1128	1115.86	2606	2606
1127.5	1115.88	2741	2741
1127	1114.64	1807	1807
1126.5	1114.62	1707	1707
1126	1114.66	1814	1814
1125.5	1113.47	1349	1349
1125	1113.45	1331	1331
1124.5	1112.25	1203	1203
1124	1112.23	1338	1338
1123.5	1112.24	1288	1288
1123	1111.07	1571	1571
1122.5	1111.08	1718	1718
1122	1109.84	2285	2285
1121.5	1109.83	2257	2257
1121	1108.72	1609	1609
1120.5	1108.7	1687	1687
1120	1108.72	1649	1649
1119.5	1107.6	1255	1255
1119	1107.59	1336	1336
1118.5	1106.45	1373	1373
1118	1106.45	1335	1335
1117.5	1106.45	1289	1289
1117	1105.26	1359	1359
1116.5	1105.25	1373	1373
1116	1104.12	1392	1392
1115.5	1104.13	1303	1303
1115	1104.12	1360	1360
1114.5	1102.96	1353	1353
1114	1102.98	1363	1363
1113.5	1101.87	1302	1302
1113	1101.83	1339	1339
1112.5	1101.86	1257	1257
1112	1100.61	1289	1289
1111.5	1100.61	1469	1469
1111	1099.46	1370	1370
1110.5	1099.49	1379	1379
1110	1098.22	1337	1337
1109.5	1098.22	1597	1597
1109	1098.21	1528	1528
1108.5	1097.09	1368	1368
1108	1097.09	1325	1325
1107.5	1095.77	1355	1355
1107	1095.76	1388	1388
1106.5	1095.76	1342	1342
1106	1094.62	1335	1335
1105.5	1094.61	1414	1414
1105	1093.34	1393	1393
1104.5	1093.35	1420	1420
1104	1093.36	1454	1454
1103.5	1092.15	1377	1377
1103	1092.17	1368	1368
1102.5	1090.88	1408	1408
1102	1090.89	1460	1460
1101.5	1090.89	1416	1416
1101	1089.69	1504	1504
1100.5	1089.67	1444	1444
1100	1088.44	1485	1485
1099.5	1088.43	1474	1474
1099	1087.26	1446	1446
1098.5	1087.28	1413	1413
1098	1087.27	1571	1571
1097.5	1086.01	1384	1384
1097	1086.03	1425	1425
1096.5	1084.85	1650	1650
1096	1084.84	1485	1485
1095.5	1084.88	1472	1472
1095	1083.62	1531	1531
1094.5	1083.61	1519	1519
1094	1082.44	1521	1521
1093.5	1082.45	1408	1408
1093	1082.45	1450	1450
1092.5	1081.2	1467	1467
1092	1081.21	1477	1477
1091.5	1080.05	1580	1580
1091	1080.07	1513	1513
1090.5	1078.81	1448	1448
1090	1078.8	1441	1441
1089.5	1078.82	1440	1440
1089	1077.65	1426	1426
1088.5	1077.65	1561	1561
1088	1076.43	1541	1541
1087.5	1076.43	1461	1461
1087	1076.41	1533	1533
1086.5	1075.23	1491	1491
1086	1075.22	1495	1495
1085.5	1074.01	1469	1469
1085	1074	1448	1448
1084.5	1074	1414	1414
1084	1072.79	1479	1479
1083.5	1072.8	1456	1456
1083	1071.61	1581	1581
1082.5	1071.57	1408	1408
1082	1071.6	1435	1435
1081.5	1070.39	1438	1438
1081	1070.38	1448	1448
1080.5	1069.17	1537	1537
1080	1069.18	1472	1472
1079.5	1067.98	1459	1459
1079	1067.99	1498	1498
1078.5	1067.97	1605	1605
1078	1066.76	1509	1509
1077.5	1066.78	1537	1537
1077	1065.58	1440	1440
1076.5	1065.57	1474	1474
1076	1065.58	1505	1505
1075.5	1064.37	1551	1551
1075	1064.35	1584	1584
1074.5	1063.15	1444	1444
1074	1063.16	1568	1568
1073.5	1063.15	1544	1544
1073	1061.97	1595	1595
1072.5	1061.96	1554	1554
1072	1060.75	1473	1473
1071.5	1060.78	1515	1515
1071	1060.76	1564	1564
1070.5	1059.55	1553	1553
1070	1059.57	1472	1472
1069.5	1058.4	1537	1537
1069	1058.39	1425	1425
1068.5	1057.2	1620	1620
1068	1057.18	1534	1534
1067.5	1057.17	1358	1358
1067	1055.96	1442	1442
1066.5	1055.94	1512	1512
1066	1054.73	1472	1472
1065.5	1054.76	1492	1492
1065	1054.75	1592	1592
1064.5	1053.53	1604	1604
1064	1053.53	1496	1496
1063.5	1052.32	1591	1591
1063	1052.34	1450	1450
1062.5	1052.35	1498	1498
1062	1051.1	1609	1609
1061.5	1051.1	1570	1570
1061	1049.91	1466	1466
1060.5	1049.9	1600	1600
1060	1049.89	1554	1554
1059.5	1048.68	1490	1490
1059	1048.68	1541	1541
1058.5	1047.48	1652	1652
1058	1047.5	1504	1504
1057.5	1046.28	1596	1596
1057	1046.27	1592	1592
1056.5	1046.27	1727	1727
1056	1045.06	1541	1541
1055.5	1045.06	1578	1578
1055	1043.85	1568	1568
1054.5	1043.84	1541	1541
1054	1043.84	1569	1569
1053.5	1042.68	1679	1679
1053	1042.68	1632	1632
1052.5	1041.45	1555	1555
1052	1041.45	1523	1523
1051.5	1041.46	1541	1541
1051	1040.27	1547	1547
1050.5	1040.27	1614	1614
1050	1039.05	1578	1578
1049.5	1039.03	1553	1553
1049	1039.07	1557	1557
1048.5	1037.9	1616	1616
1048	1037.88	1544	1544
1047.5	1036.64	1633	1633
1047	1036.64	1627	1627
1046.5	1035.46	1659	1659
1046	1035.48	1561	1561
1045.5	1035.5	1556	1556
1045	1034.22	1577	1577
1044.5	1034.23	1595	1595
1044	1033.08	1586	1586
1043.5	1033.06	1633	1633
1043	1033.07	1551	1551
1042.5	1031.82	1558	1558
1042	1031.82	1678	1678
1041.5	1030.62	1741	1741
1041	1030.63	1587	1587
1040.5	1030.59	1605	1605
1040	1029.35	1672	1672
1039.5	1029.34	1591	1591
1039	1028.16	1594	1594
1038.5	1028.16	1656	1656
1038	1026.9	1638	1638
1037.5	1026.88	1643	1643
1037	1026.9	1654	1654
1036.5	1025.74	1711	1711
1036	1025.72	1632	1632
1035.5	1024.44	1561	1561
1035	1024.44	1616	1616
1034.5	1024.46	1682	1682
1034	1023.27	1593	1593
1033.5	1023.27	1700	1700
1033	1022.02	1630	1630
1032.5	1022.02	1653	1653
1032	1022.03	1634	1634
1031.5	1020.87	1645	1645
1031	1020.86	1721	1721
1030.5	1019.66	1653	1653
1030	1019.65	1533	1533
1029.5	1019.65	1644	1644
1029	1018.48	1580	1580
1028.5	1018.46	1636	1636
1028	1017.16	1711	1711
1027.5	1017.19	1646	1646
1027	1016	1710	1710
1026.5	1016	1630	1630
1026	1016.02	1564	1564
1025.5	1014.74	1600	1600
1025	1014.74	1639	1639
1024.5	1013.58	1624	1624
1024	1013.57	1637	1637
1023.5	1013.56	1729	1729
1023	1012.29	1589	1589
1022.5	1012.27	1635	1635
1022	1011.07	1710	1710
1021.5	1011.1	1668	1668
1021	1011.09	1597	1597
1020.5	1009.86	1672	1672
1020	1009.85	1722	1722
1019.5	1008.71	1738	1738
1019	1008.69	1779	1779
1018.5	1008.72	1694	1694
1018	1007.47	1714	1714
1017.5	1007.43	1790	1790
1017	1006.3	1613	1613
1016.5	1006.3	1696	1696
1016	1005.05	1692	1692
1015.5	1005.05	1797	1797
1015	1005.05	1709	1709
1014.5	1003.86	1735	1735
1014	1003.89	1808	1808
1013.5	1002.64	1726	1726
1013	1002.62	1716	1716
1012.5	1002.64	1718	1718
1012	1001.47	1646	1646
1011.5	1001.46	1752	1752
1011	1000.27	1763	1763
1010.5	1000.27	1753	1753
1010	1000.25	1752	1752
1009.5	999.1	1774	1774
1009	999.12	1706	1706
1008.5	997.84	1680	1680
1008	997.85	1682	1682
1007.5	997.86	1772	1772
1007	996.69	1702	1702
1006.5	996.71	1701	1701
1006	995.47	1711	1711
1005.5	995.43	1879	1879
1005	994.29	1746	1746
1004.5	994.29	1767	1767
1004	994.27	1889	1889
1003.5	993.04	1809	1809
1003	993.05	1798	1798
1002.5	991.86	1665	1665
1002	991.88	1786	1786
1001.5	991.89	1745	1745
1001	990.58	1811	1811
1000.5	990.59	1787	1787
1000	989.47	1777	1777
999.5	989.43	1751	1751
999	989.44	1931	1931
998.5	988.21	1748	1748
998	988.17	1753	1753
997.5	987.02	1813	1813
997	987.04	1898	1898
996.5	985.76	1932	1932
996	985.77	1703	1703
995.5	985.78	1800	1800
995	984.62	1762	1762
994.5	984.61	1706	1706
994	983.38	1986	1986
993.5	983.39	1836	1836
993	983.37	1934	1934
992.5	982.23	1864	1864
992	982.25	1817	1817
991.5	981.04	1819	1819
991	981.02	1950	1950
990.5	981.04	1833	1833
990	979.86	1848	1848
989.5	979.86	1789	1789
989	978.62	1745	1745
988.5	978.58	1753	1753
988	978.59	1863	1863
987.5	977.46	1811	1811
987	977.43	1825	1825
986.5	976.18	2009	2009
986	976.19	1875	1875
985.5	975	1916	1916
985	974.98	1830	1830
984.5	975.02	1830	1830
984	973.76	1818	1818
983.5	973.75	1764	1764
983	972.58	1876	1876
982.5	972.59	1779	1779
982	972.6	1858	1858
981.5	971.35	1845	1845
981	971.36	1761	1761
980.5	970.2	1841	1841
980	970.19	1785	1785
979.5	970.19	1885	1885
979	968.94	1785	1785
978.5	968.94	1940	1940
978	967.79	1833	1833
977.5	967.79	1962	1962
977	967.79	1839	1839
976.5	966.54	1865	1865
976	966.54	1877	1877
975.5	965.36	1828	1828
975	965.4	2020	2020
974.5	964.15	1864	1864
974	964.16	1813	1813
973.5	964.16	1821	1821
973	962.97	1843	1843
972.5	962.96	1835	1835
972	961.76	1876	1876
971.5	961.77	1849	1849
971	961.75	1876	1876
970.5	960.59	1853	1853
970	960.6	1770	1770
969.5	959.35	1899	1899
969	959.36	1917	1917
968.5	959.35	1821	1821
968	958.16	1781	1781
967.5	958.17	1842	1842
967	956.93	1847	1847
966.5	956.92	1957	1957
966	956.95	1915	1915
965.5	955.75	1970	1970
965	955.74	1898	1898
964.5	954.54	2134	2134
964	954.55	1995	1995
963.5	953.31	2055	2055
963	953.31	2052	2052
962.5	953.33	2112	2112
962	952.03	1884	1884
961.5	952.04	1957	1957
961	950.86	1920	1920
960.5	950.86	1966	1966
960	950.85	1923	1923
959.5	949.61	1912	1912
959	949.61	1915	1915
958.5	948.4	1777	1777
958	948.41	1839	1839
957.5	948.39	1800	1800
957	947.15	1886	1886
956.5	947.16	1854	1854
956	945.93	1903	1903
955.5	945.9	1870	1870
955	944.71	1906	1906
954.5	944.71	1832	1832
954	944.71	1817	1817
953.5	943.51	1847	1847
953	943.51	1866	1866
952.5	942.35	1901	1901
952	942.33	1753	1753
951.5	942.34	1787	1787
951	941.16	1914	1914
950.5	941.15	1851	1851
950	939.9	1749	1749
949.5	939.89	1875	1875
949	939.87	1919	1919
948.5	938.68	1792	1792
948	938.67	1934	1934
947.5	937.4	1820	1820
947	937.4	1936	1936
946.5	937.39	1937	1937
946	936.17	1905	1905
945.5	936.18	1760	1760
945	934.95	1956	1956
944.5	934.95	1930	1930
944	933.7	2003	2003
943.5	933.71	1918	1918
943	933.71	1827	1827
942.5	932.5	1919	1919
942	932.47	1899	1899
941.5	931.28	1888	1888
941	931.27	1812	1812
940.5	931.27	1887	1887
940	930.07	1914	1914
939.5	930.06	1920	1920
939	928.86	1832	1832
938.5	928.86	1920	1920
938	928.87	1852	1852
937.5	927.64	1767	1767
937	927.64	1953	1953
936.5	926.46	1988	1988
936	926.43	1845	1845
935.5	926.44	1937	1937
935	925.26	2034	2034
934.5	925.25	1900	1900
934	924.05	2047	2047
933.5	924.07	2001	2001
933	922.89	1995	1995
932.5	922.86	2007	2007
932	922.89	2102	2102
931.5	921.69	1947	1947
931	921.68	1979	1979
930.5	920.46	1923	1923
930	920.47	1948	1948
929.5	920.46	1858	1858
929	919.26	2008	2008
928.5	919.24	1956	1956
928	918.05	1954	1954
927.5	918.05	2051	2051
927	918.05	2033	2033
926.5	916.84	2214	2214
926	916.83	2205	2205
925.5	915.67	2247	2247
925	915.68	2228	2228
924.5	915.67	2296	2296
924	914.44	2526	2526
923.5	914.43	2588	2588
923	913.22	2889	2889
922.5	913.24	2901	2901
922	912.02	2658	2658
921.5	911.99	2565	2565
921	912.01	2634	2634
920.5	910.85	2290	2290
920	910.82	2347	2347
919.5	909.6	2216	2216
919	909.62	2261	2261
918.5	909.58	2107	2107
918	908.38	2243	2243
917.5	908.4	2153	2153
917	907.16	2065	2065
916.5	907.16	2244	2244
916	907.18	2110	2110
915.5	906.03	2113	2113
915	905.99	2167	2167
914.5	904.78	2138	2138
914	904.79	2127	2127
913.5	903.63	2112	2112
913	903.62	2013	2013
912.5	903.64	2033	2033
912	902.39	2047	2047
911.5	902.39	2184	2184
911	901.23	2149	2149
910.5	901.22	2067	2067
910	901.2	2127	2127
909.5	899.99	2121	2121
909	899.95	2148	2148
908.5	898.77	2110	2110
908	898.77	2051	2051
907.5	898.77	2152	2152
907	897.51	2080	2080
906.5	897.53	2128	2128
906	896.38	2172	2172
905.5	896.35	2122	2122
905	896.37	2149	2149
904.5	895.1	2152	2152
904	895.09	2167	2167
903.5	893.91	2173	2173
903	893.9	2284	2284
902.5	892.65	2253	2253
902	892.66	2204	2204
901.5	892.68	2179	2179
901	891.49	2144	2144
900.5	891.5	2211	2211
900	890.29	2050	2050
899.5	890.26	2183	2183
899	890.26	2232	2232
898.5	889.1	2176	2176
898	889.11	2101	2101
897.5	887.83	2214	2214
897	887.87	2190	2190
896.5	887.85	2160	2160
896	886.7	2243	2243
895.5	886.72	2387	2387
895	885.44	2418	2418
894.5	885.45	2394	2394
894	885.49	2453	2453
893.5	884.33	2480	2480
893	884.33	2571	2571
892.5	883.1	2560	2560
892	883.07	2714	2714
891.5	881.93	2457	2457
891	881.92	2562	2562
890.5	881.92	2643	2643
890	880.66	2362	2362
889.5	880.67	2361	2361
889	879.51	2383	2383
888.5	879.5	2414	2414
888	879.54	2435	2435
887.5	878.25	2254	2254
887	878.24	2354	2354
886.5	877.11	2293	2293
886	877.11	2218	2218
885.5	877.11	2271	2271
885	875.85	2204	2204
884.5	875.85	2234	2234
884	874.67	2294	2294
883.5	874.66	2322	2322
883	874.67	2139	2139
882.5	873.36	2242	2242
882	873.36	2192	2192
881.5	872.24	2223	2223
881	872.21	2384	2384
880.5	870.94	2231	2231
880	870.95	2212	2212
879.5	870.97	2147	2147
879	869.78	2282	2282
878.5	869.78	2271	2271
878	868.49	2367	2367
877.5	868.49	2375	2375
877	868.5	2409	2409
876.5	867.32	2393	2393
876	867.32	2482	2482
875.5	866.1	2278	2278
875	866.07	2290	2290
874.5	866.06	2268	2268
874	864.95	2245	2245
873.5	864.93	2295	2295
873	863.66	2351	2351
872.5	863.7	2241	2241
872	863.69	2387	2387
871.5	862.52	2217	2217
871	862.54	2379	2379
870.5	861.25	2285	2285
870	861.22	2345	2345
869.5	860.07	2359	2359
869	860.06	2376	2376
868.5	860.06	2283	2283
868	858.81	2266	2266
867.5	858.8	2288	2288
867	857.61	2249	2249
866.5	857.63	2252	2252
866	857.63	2233	2233
865.5	856.35	2359	2359
865	856.34	2329	2329
864.5	855.15	2374	2374
864	855.14	2267	2267
863.5	855.14	2212	2212
863	853.91	2242	2242
862.5	853.89	2239	2239
862	852.75	2277	2277
861.5	852.76	2251	2251
861	851.52	2243	2243
860.5	851.52	2326	2326
860	851.53	2169	2169
859.5	850.34	2268	2268
859	850.33	2295	2295
858.5	849.1	2370	2370
858	849.09	2257	2257
857.5	849.08	2226	2226
857	847.94	2229	2229
856.5	847.92	2222	2222
856	846.69	2205	2205
855.5	846.71	2278	2278
855	846.7	2304	2304
854.5	845.54	2283	2283
854	845.56	2269	2269
853.5	844.32	2249	2249
853	844.29	2305	2305
852.5	844.32	2156	2156
852	843.17	2233	2233
851.5	843.14	2304	2304
851	841.9	2147	2147
850.5	841.9	2328	2328
850	840.73	2276	2276
849.5	840.72	2283	2283
849	840.74	2227	2227
848.5	839.49	2319	2319
848	839.48	2334	2334
847.5	838.32	2274	2274
847	838.29	2377	2377
846.5	838.3	2221	2221
846	837.09	2267	2267
845.5	837.07	2340	2340
845	835.87	2250	2250
844.5	835.89	2165	2165
844	835.88	2299	2299
843.5	834.62	2278	2278
843	834.64	2298	2298
842.5	833.47	2322	2322
842	833.46	2337	2337
841.5	833.48	2269	2269
841	832.24	2310	2310
840.5	832.21	2231	2231
840	831.06	2173	2173
839.5	831.04	2276	2276
839	829.79	2293	2293
838.5	829.83	2241	2241
838	829.82	2258	2258
837.5	828.63	2241	2241
837	828.63	2303	2303
836.5	827.43	2253	2253
836	827.42	2177	2177
835.5	827.42	2187	2187
835	826.26	2156	2156
834.5	826.25	2181	2181
834	825.04	2163	2163
833.5	825.04	2275	2275
833	825.06	2301	2301
832.5	823.85	2154	2154
832	823.87	2456	2456
831.5	822.65	2260	2260
831	822.64	2170	2170
830.5	822.66	2268	2268
830	821.44	2346	2346
829.5	821.43	2261	2261
829	820.22	2268	2268
828.5	820.21	2268	2268
828	818.99	2260	2260
827.5	819.03	2226	2226
827	819	2258	2258
826.5	817.81	2301	2301
826	817.81	2243	2243
825.5	816.61	2291	2291
825	816.61	2251	2251
824.5	816.59	2305	2305
824	815.38	2318	2318
823.5	815.37	2340	2340
823	814.17	2236	2236
822.5	814.19	2216	2216
822	814.16	2214	2214
821.5	812.97	2182	2182
821	813	2091	2091
820.5	811.77	2229	2229
820	811.75	2131	2131
819.5	810.57	2319	2319
819	810.56	2172	2172
818.5	810.55	2248	2248
818	809.35	2306	2306
817.5	809.35	2223	2223
817	808.17	2320	2320
816.5	808.18	2162	2162
816	808.17	2218	2218
815.5	806.98	2284	2284
815	806.99	2283	2283
814.5	805.8	2242	2242
814	805.8	2246	2246
813.5	805.8	2336	2336
813	804.58	2309	2309
812.5	804.57	2255	2255
812	803.39	2264	2264
811.5	803.38	2213	2213
811	803.38	2342	2342
810.5	802.14	2277	2277
810	802.16	2252	2252
809.5	800.96	2215	2215
809	800.97	2147	2147
808.5	799.72	2162	2162
808	799.74	2287	2287
807.5	799.73	2338	2338
807	798.57	2316	2316
806.5	798.56	2338	2338
806	797.31	2165	2165
805.5	797.35	2264	2264
805	797.34	2342	2342
804.5	796.21	2233	2233
804	796.23	2242	2242
803.5	795.06	2248	2248
803	795.05	2183	2183
802.5	795.04	2318	2318
802	793.92	2237	2237
801.5	793.92	2166	2166
801	792.75	2152	2152
800.5	792.76	2194	2194
800	792.73	2238	2238
799.5	791.61	2260	2260
799	791.62	2187	2187
798.5	790.46	2243	2243
798	790.46	2258	2258
797.5	789.37	2300	2300
797	789.35	2303	2303
796.5	789.38	2356	2356
796	788.17	2256	2256
795.5	788.15	2136	2136
795	786.99	2229	2229
794.5	787	2277	2277
794	786.97	2179	2179
793.5	785.77	2279	2279
793	785.77	2142	2142
792.5	784.56	2200	2200
792	784.6	2324	2324
791.5	784.59	2201	2201
791	783.29	2164	2164
790.5	783.29	2287	2287
790	782.13	2301	2301
789.5	782.11	2163	2163
789	782.11	2212	2212
788.5	780.85	2276	2276
788	780.85	2217	2217
787.5	779.66	2218	2218
787	779.67	2327	2327
786.5	778.41	2252	2252
786	778.42	2391	2391
785.5	778.43	2101	2101
785	777.22	2206	2206
784.5	777.2	2423	2423
784	775.95	2251	2251
783.5	775.93	2276	2276
783	775.94	2244	2244
782.5	774.78	2242	2242
782	774.75	2354	2354
781.5	773.53	2372	2372
781	773.53	2298	2298
780.5	773.53	2323	2323
780	772.37	2405	2405
779.5	772.36	2291	2291
779	771.12	2380	2380
778.5	771.13	2281	2281
778	769.97	2390	2390
777.5	769.95	2296	2296
777	769.95	2303	2303
776.5	768.76	2193	2193
776	768.73	2353	2353
775.5	767.56	2228	2228
775	767.58	2335	2335
774.5	767.56	2483	2483
774	766.33	2321	2321
773.5	766.33	2333	2333
773	765.16	2247	2247
772.5	765.17	2340	2340
772	765.18	2267	2267
771.5	763.96	2392	2392
771	763.95	2293	2293
770.5	762.77	2351	2351
770	762.78	2295	2295
769.5	762.78	2194	2194
769	761.52	2253	2253
768.5	761.52	2222	2222
768	760.35	2276	2276
767.5	760.34	2224	2224
767	759.09	2279	2279
766.5	759.11	2289	2289
766	759.12	2239	2239
765.5	757.91	2243	2243
765	757.93	2325	2325
764.5	756.68	2302	2302
764	756.66	2341	2341
763.5	756.68	2253	2253
763	755.49	2238	2238
762.5	755.49	2223	2223
762	754.26	2188	2188
761.5	754.27	2431	2431
761	754.26	2266	2266
760.5	753.11	2273	2273
760	753.08	2341	2341
759.5	751.86	2237	2237
759	751.88	2318	2318
758.5	751.87	2298	2298
758	750.66	2305	2305
757.5	750.67	2243	2243
757	749.51	2214	2214
756.5	749.49	2267	2267
756	748.31	2332	2332
755.5	748.31	2300	2300
755	748.31	2185	2185
754.5	747.1	2251	2251
754	747.09	2301	2301
753.5	745.9	2183	2183
753	745.91	2221	2221
752.5	745.88	2320	2320
752	744.68	2253	2253
751.5	744.7	2221	2221
751	743.49	2175	2175
750.5	743.48	2400	2400
750	743.47	2223	2223
749.5	742.27	2216	2216
749	742.27	2092	2092
748.5	741.07	2287	2287
748	741.05	2120	2120
747.5	741.04	2342	2342
747	739.84	2340	2340
746.5	739.83	2191	2191
746	738.59	2188	2188
745.5	738.61	2126	2126
745	737.39	2275	2275
744.5	737.37	2209	2209
744	737.4	2279	2279
743.5	736.18	2140	2140
743	736.17	2243	2243
742.5	735	2243	2243
742	734.99	2213	2213
741.5	734.99	2332	2332
741	733.8	2233	2233
740.5	733.77	2302	2302
740	732.6	2230	2230
739.5	732.6	2296	2296
739	732.58	2341	2341
738.5	731.36	2199	2199
738	731.36	2346	2346
737.5	730.21	2237	2237
737	730.19	2250	2250
736.5	730.22	2110	2110
736	728.99	2182	2182
735.5	728.97	2225	2225
735	727.81	2230	2230
734.5	727.8	2235	2235
734	726.56	2197	2197
733.5	726.58	2359	2359
733	726.58	2171	2171
732.5	725.38	2296	2296
732	725.4	2218	2218
731.5	724.18	2339	2339
731	724.16	2055	2055
730.5	724.18	2239	2239
730	722.99	2246	2246
729.5	722.97	2173	2173
729	721.75	2315	2315
728.5	721.76	2146	2146
728	721.73	2199	2199
727.5	720.59	2324	2324
727	720.58	2200	2200
726.5	719.31	2055	2055
726	719.32	2287	2287
725.5	718.12	2237	2237
725	718.1	2172	2172
724.5	718.12	2266	2266
724	716.86	2177	2177
723.5	716.86	2113	2113
723	715.66	2230	2230
722.5	715.66	2237	2237
722	715.66	2166	2166
721.5	714.42	2141	2141
721	714.43	2220	2220
720.5	713.23	2228	2228
720	713.25	2132	2132
719.5	713.27	2215	2215
719	711.97	2161	2161
718.5	711.97	2234	2234
718	710.8	2211	2211
717.5	710.8	2226	2226
717	710.79	2177	2177
716.5	709.58	2305	2305
716	709.58	2187	2187
715.5	708.41	2205	2205
715	708.42	2182	2182
714.5	707.17	2123	2123
714	707.19	2249	2249
713.5	707.17	2212	2212
713	705.98	2150	2150
712.5	706	2283	2283
712	704.74	2313	2313
711.5	704.73	2170	2170
711	704.74	2204	2204
710.5	703.53	2127	2127
710	703.53	2170	2170
709.5	702.31	2263	2263
709	702.29	2138	2138
708.5	702.28	2182	2182
708	701.12	2309	2309
707.5	701.11	2122	2122
707	699.84	2249	2249
706.5	699.82	2160	2160
706	699.84	2122	2122
705.5	698.63	2230	2230
705	698.65	2187	2187
704.5	697.4	2206	2206
704	697.37	2161	2161
703.5	696.21	2229	2229
703	696.2	2193	2193
702.5	696.19	2180	2180
702	694.99	2210	2210
701.5	694.97	2188	2188
701	693.81	2140	2140
700.5	693.81	2070	2070
700	693.82	2112	2112
699.5	692.57	2097	2097
699	692.59	2225	2225
698.5	691.44	2306	2306
698	691.43	2184	2184
697.5	691.45	2315	2315
697	690.2	2278	2278
696.5	690.2	2076	2076
696	689.04	2104	2104
695.5	689.04	2134	2134
695	689.02	2147	2147
694.5	687.8	2271	2271
694	687.8	2080	2080
693.5	686.62	2314	2314
693	686.63	2290	2290
692.5	685.4	2155	2155
692	685.4	2256	2256
691.5	685.39	2209	2209
691	684.23	2277	2277
690.5	684.23	2252	2252
690	682.98	2224	2224
689.5	682.97	2205	2205
689	682.97	2274	2274
688.5	681.79	2193	2193
688	681.8	2160	2160
687.5	680.54	2177	2177
687	680.55	2281	2281
686.5	680.54	2204	2204
686	679.37	2241	2241
685.5	679.38	2230	2230
685	678.14	2245	2245
684.5	678.12	2247	2247
684	676.96	2161	2161
683.5	676.95	2194	2194
683	676.94	2173	2173
682.5	675.73	2239	2239
682	675.72	2168	2168
681.5	674.53	2253	2253
681	674.56	2190	2190
680.5	674.57	2101	2101
680	673.32	2125	2125
679.5	673.31	2127	2127
679	672.17	2201	2201
678.5	672.16	2138	2138
678	672.19	2205	2205
677.5	670.96	1983	1983
677	670.94	2192	2192
676.5	669.78	2127	2127
676	669.8	2135	2135
675.5	669.77	2174	2174
675	668.56	2194	2194
674.5	668.56	2111	2111
674	667.36	2138	2138
673.5	667.36	2206	2206
673	666.12	2075	2075
672.5	666.12	2248	2248
672	666.13	2076	2076
671.5	664.96	2264	2264
671	664.93	2305	2305
670.5	663.69	2188	2188
670	663.71	2204	2204
669.5	663.68	2215	2215
669	662.54	2177	2177
668.5	662.55	2140	2140
668	661.3	2176	2176
667.5	661.31	2227	2227
667	661.31	1948	1948
666.5	660.1	2146	2146
666	660.1	2175	2175
665.5	658.88	2084	2084
665	658.87	2267	2267
664.5	658.86	2215	2215
664	657.68	2284	2284
663.5	657.67	2283	2283
663	656.45	2222	2222
662.5	656.47	2120	2120
662	655.3	2139	2139
661.5	655.28	2144	2144
661	655.3	2204	2204
660.5	654.08	2119	2119
660	654.07	2119	2119
659.5	652.91	2248	2248
659	652.91	2128	2128
658.5	652.9	2208	2208
658	651.71	2287	2287
657.5	651.73	2125	2125
657	650.52	2176	2176
656.5	650.52	2158	2158
656	650.52	2144	2144
655.5	649.3	2180	2180
655	649.3	2151	2151
654.5	648.11	2100	2100
654	648.09	2116	2116
653.5	648.1	2277	2277
653	646.92	2266	2266
652.5	646.89	2271	2271
652	645.69	2213	2213
651.5	645.71	2167	2167
651	644.49	2275	2275
650.5	644.48	2222	2222
650	644.5	2279	2279
649.5	643.26	2196	2196
649	643.25	2110	2110
648.5	642.08	2072	2072
648	642.06	2252	2252
647.5	642.07	2083	2083
647	640.88	2181	2181
646.5	640.86	2233	2233
646	639.71	2161	2161
645.5	639.73	2041	2041
645	639.71	2229	2229
644.5	638.5	2253	2253
644	638.52	2157	2157
643.5	637.3	2256	2256
643	637.31	2146	2146
642.5	636.16	2171	2171
642	636.15	2189	2189
641.5	636.14	2221	2221
641	634.99	2249	2249
640.5	635	2113	2113
640	633.83	2170	2170
639.5	633.83	2163	2163
639	633.84	2145	2145
638.5	632.67	2156	2156
638	632.69	2171	2171
637.5	631.46	2122	2122
637	631.46	2212	2212
636.5	631.44	2220	2220
636	630.29	2227	2227
635.5	630.28	2330	2330
635	629.03	2276	2276
634.5	629.04	2137	2137
634	629.03	2056	2056
633.5	627.85	2165	2165
633	627.87	2241	2241
632.5	626.59	2232	2232
632	626.57	2205	2205
631.5	625.38	2246	2246
631	625.36	2228	2228
630.5	625.36	2223	2223
630	624.12	2166	2166
629.5	624.11	2197	2197
629	622.9	2140	2140
628.5	622.92	2164	2164
628	622.9	2123	2123
627.5	621.57	2215	2215
627	621.59	2173	2173
626.5	620.38	2215	2215
626	620.38	2162	2162
625.5	620.4	2142	2142
625	619.12	2121	2121
624.5	619.11	2272	2272
624	617.95	2096	2096
623.5	617.97	2060	2060
623	617.95	2117	2117
622.5	616.72	2037	2037
622	616.72	2118	2118
621.5	615.54	2180	2180
621	615.56	2172	2172
620.5	614.34	2103	2103
620	614.33	2173	2173
619.5	614.33	2163	2163
619	613.19	2070	2070
618.5	613.18	2203	2203
618	611.94	2180	2180
617.5	611.94	2058	2058
617	611.93	2160	2160
616.5	610.77	2192	2192
616	610.79	2155	2155
615.5	609.52	2202	2202
615	609.52	2120	2120
614.5	609.53	2123	2123
614	608.37	2062	2062
613.5	608.36	2124	2124
613	607.14	2136	2136
612.5	607.12	2167	2167
612	607.13	2133	2133
611.5	605.97	2236	2236
611	605.95	2170	2170
610.5	604.69	2089	2089
610	604.7	2268	2268
609.5	603.52	2089	2089
609	603.53	2025	2025
608.5	603.54	2040	2040
608	602.29	2080	2080
607.5	602.29	2197	2197
607	601.11	2193	2193
606.5	601.12	2104	2104
606	601.1	2207	2207
605.5	599.86	2251	2251
605	599.85	2277	2277
604.5	598.69	2242	2242
604	598.69	2144	2144
603.5	598.69	2240	2240
603	597.44	2184	2184
602.5	597.46	2211	2211
602	596.28	2244	2244
601.5	596.29	2016	2016
601	595.08	2040	2040
600.5	595.04	2195	2195
600	595.05	2128	2128
599.5	593.92	2055	2055
599	593.9	2139	2139
598.5	592.66	2052	2052
598	592.69	2236	2236
597.5	592.67	2090	2090
597	591.51	2130	2130
596.5	591.54	2046	2046
596	590.26	2206	2206
595.5	590.27	2127	2127
595	590.28	2144	2144
594.5	589.1	2193	2193
594	589.1	2081	2081
593.5	587.84	2293	2293
593	587.84	2261	2261
592.5	587.84	2181	2181
592	586.67	2110	2110
591.5	586.66	2091	2091
591	585.4	2271	2271
590.5	585.42	2170	2170
590	584.22	2176	2176
589.5	584.23	2172	2172
589	584.24	2056	2056
588.5	582.99	2165	2165
588	582.98	2085	2085
587.5	581.82	2140	2140
587	581.81	2129	2129
586.5	581.8	2104	2104
586	580.56	2170	2170
585.5	580.56	2230	2230
585	579.41	2055	2055
584.5	579.41	2110	2110
584	579.4	2125	2125
583.5	578.16	2174	2174
583	578.16	2077	2077
582.5	577.01	2072	2072
582	577.02	2098	2098
581.5	577	2222	2222
581	575.78	2042	2042
580.5	575.76	2274	2274
580	574.61	2174	2174
579.5	574.62	2140	2140
579	573.38	2218	2218
578.5	573.38	2172	2172
578	573.38	2131	2131
577.5	572.2	2184	2184
577	572.21	2150	2150
576.5	570.99	2171	2171
576	570.96	2118	2118
575.5	570.96	2060	2060
575	569.79	2280	2280
574.5	569.78	2129	2129
574	568.55	2062	2062
573.5	568.57	2189	2189
573	568.55	2272	2272
572.5	567.39	2131	2131
572	567.41	2038	2038
571.5	566.14	2204	2204
571	566.15	2215	2215
570.5	566.16	2220	2220
570	564.97	2094	2094
569.5	564.96	2243	2243
569	563.76	2112	2112
568.5	563.74	2279	2279
568	562.53	2178	2178
567.5	562.55	2128	2128
567	562.54	2164	2164
566.5	561.27	2051	2051
566	561.27	2139	2139
565.5	560.07	2183	2183
565	560.06	2144	2144
564.5	560.08	2253	2253
564	558.83	2236	2236
563.5	558.81	2108	2108
563	557.65	2128	2128
562.5	557.64	2072	2072
562	557.63	2096	2096
561.5	556.42	2119	2119
561	556.41	2103	2103
560.5	555.19	2007	2007
560	555.2	2052	2052
559.5	555.2	2158	2158
559	553.98	2062	2062
558.5	553.97	2010	2010
558	552.81	2163	2163
557.5	552.81	2217	2217
557	551.57	2143	2143
556.5	551.58	2125	2125
556	551.57	2127	2127
555.5	550.41	2173	2173
555	550.42	2065	2065
554.5	549.15	2146	2146
554	549.15	2171	2171
553.5	549.15	2099	2099
553	547.95	2087	2087
552.5	547.94	2173	2173
552	546.69	2150	2150
551.5	546.7	2193	2193
551	546.69	2106	2106
550.5	545.49	2062	2062
550	545.48	2053	2053
549.5	544.26	2214	2214
549	544.27	2173	2173
548.5	543.03	2125	2125
548	543.01	1957	1957
547.5	543.03	2101	2101
547	541.77	2106	2106
546.5	541.77	2167	2167
546	540.58	2214	2214
545.5	540.59	2220	2220
545	540.58	2188	2188
544.5	539.36	2111	2111
544	539.38	2170	2170
543.5	538.18	2092	2092
543	538.2	2153	2153
542.5	538.19	2193	2193
542	537	2153	2153
541.5	536.99	2196	2196
541	535.81	2198	2198
540.5	535.8	2168	2168
540	535.8	2267	2267
539.5	534.61	2162	2162
539	534.6	2165	2165
538.5	533.41	2124	2124
538	533.41	2087	2087
537.5	532.18	2241	2241
537	532.18	2076	2076
536.5	532.18	2113	2113
536	530.99	2139	2139
535.5	530.96	2192	2192
535	529.78	2218	2218
534.5	529.79	2214	2214
534	529.77	2102	2102
533.5	528.58	2149	2149
533	528.59	2068	2068
532.5	527.36	2281	2281
532	527.36	2158	2158
531.5	527.36	2228	2228
531	526.15	2283	2283
530.5	526.15	2219	2219
530	524.96	2143	2143
529.5	524.97	2275	2275
529	524.99	2315	2315
528.5	523.75	2130	2130
528	523.73	2200	2200
527.5	522.55	2217	2217
527	522.55	2157	2157
526.5	521.33	2217	2217
526	521.33	2228	2228
525.5	521.34	2265	2265
525	520.14	2174	2174
524.5	520.16	2151	2151
524	518.92	2191	2191
523.5	518.94	2255	2255
523	518.95	2244	2244
522.5	517.77	2356	2356
522	517.76	2176	2176
521.5	516.54	2276	2276
521	516.54	2255	2255
520.5	516.54	2249	2249
520	515.37	2411	2411
519.5	515.36	2401	2401
519	514.15	2166	2166
518.5	514.15	2311	2311
518	514.14	2263	2263
517.5	512.95	2264	2264
517	512.95	2267	2267
516.5	511.73	2273	2273
516	511.73	2305	2305
515.5	510.53	2220	2220
515	510.52	2283	2283
514.5	510.53	2276	2276
514	509.29	2320	2320
513.5	509.32	2346	2346
513	508.13	2186	2186
512.5	508.11	2215	2215
512	508.14	2226	2226
511.5	506.89	2287	2287
511	506.87	2311	2311
510.5	505.7	2307	2307
510	505.71	2187	2187
509.5	505.67	2230	2230
509	504.45	2287	2287
508.5	504.46	2255	2255
508	503.25	2222	2222
507.5	503.27	2194	2194
507	502.04	2184	2184
506.5	502.01	2223	2223
506	502.03	2185	2185
505.5	500.87	2159	2159
505	500.87	2249	2249
504.5	499.66	2272	2272
504	499.64	2405	2405
503.5	499.64	2183	2183
503	498.51	2274	2274
502.5	498.48	2336	2336
502	497.25	2285	2285
501.5	497.26	2162	2162
501	497.22	2200	2200
500.5	496.07	2219	2219
500	496.09	2184	2184
499.5	494.84	2289	2289
499	494.84	2144	2144
498.5	494.86	2203	2203
498	493.66	2253	2253
497.5	493.68	2249	2249
497	492.44	2245	2245
496.5	492.43	2243	2243
496	491.28	2249	2249
495.5	491.29	2280	2280
495	491.28	2191	2191
494.5	490.05	2176	2176
494	490.05	2121	2121
493.5	488.88	2154	2154
493	488.88	2333	2333
492.5	488.88	2256	2256
492	487.61	2240	2240
491.5	487.61	2174	2174
491	486.46	2320	2320
490.5	486.44	2314	2314
490	486.45	2186	2186
489.5	485.24	2177	2177
489	485.19	2250	2250
488.5	484.08	2375	2375
488	484.11	2276	2276
487.5	484.06	2181	2181
487	482.93	2274	2274
486.5	482.94	2257	2257
486	481.79	2338	2338
485.5	481.79	2181	2181
485	480.64	2364	2364
484.5	480.64	2251	2251
484	480.63	2317	2317
483.5	479.55	2254	2254
483	479.52	2162	2162
482.5	478.36	2242	2242
482	478.36	2333	2333
481.5	478.35	2229	2229
481	477.25	2223	2223
480.5	477.25	2320	2320
480	476.07	2255	2255
479.5	476.06	2138	2138
479	476.07	2235	2235
478.5	474.85	2353	2353
478	474.85	2247	2247
477.5	473.67	2326	2326
477	473.65	2316	2316
476.5	473.67	2234	2234
476	472.46	2239	2239
475.5	472.44	2283	2283
475	471.24	2316	2316
474.5	471.25	2341	2341
474	470.01	2282	2282
473.5	470.02	2260	2260
473	470.04	2320	2320
472.5	468.75	2403	2403
472	468.77	2409	2409
471.5	467.54	2279	2279
471	467.53	2293	2293
470.5	467.54	2279	2279
470	466.35	2293	2293
469.5	466.32	2247	2247
469	465.06	2306	2306
468.5	465.08	2324	2324
468	465.06	2159	2159
467.5	463.83	2211	2211
467	463.85	2339	2339
466.5	462.62	2233	2233
466	462.61	2271	2271
465.5	461.44	2299	2299
465	461.44	2218	2218
464.5	461.43	2298	2298
464	460.26	2279	2279
463.5	460.25	2319	2319
463	459.06	2358	2358
462.5	459.06	2291	2291
462	459.06	2113	2113
461.5	457.83	2203	2203
461	457.85	2313	2313
460.5	456.66	2349	2349
460	456.66	2220	2220
459.5	456.66	2323	2323
459	455.42	2355	2355
458.5	455.42	2388	2388
458	454.25	2404	2404
457.5	454.24	2291	2291
457	454.23	2238	2238
456.5	453.02	2395	2395
456	453	2235	2235
455.5	451.84	2276	2276
455	451.86	2244	2244
454.5	450.61	2264	2264
454	450.6	2350	2350
453.5	450.62	2314	2314
453	449.43	2358	2358
452.5	449.43	2287	2287
452	448.19	2209	2209
451.5	448.19	2399	2399
451	448.19	2319	2319
450.5	447.03	2254	2254
450	447.03	2307	2307
449.5	445.76	2432	2432
449	445.78	2330	2330
448.5	445.76	2256	2256
448	444.58	2287	2287
447.5	444.6	2217	2217
447	443.34	2278	2278
446.5	443.35	2301	2301
446	443.36	2319	2319
445.5	442.19	2419	2419
445	442.18	2316	2316
444.5	440.99	2304	2304
444	440.97	2302	2302
443.5	439.8	2314	2314
443	439.82	2285	2285
442.5	439.82	2329	2329
442	438.55	2389	2389
441.5	438.56	2369	2369
441	437.41	2298	2298
440.5	437.42	2113	2113
440	437.41	2314	2314
439.5	436.17	2276	2276
439	436.16	2219	2219
438.5	435.01	2219	2219
438	435	2269	2269
437.5	435	2251	2251
437	433.78	2323	2323
436.5	433.75	2324	2324
436	432.59	2313	2313
435.5	432.6	2393	2393
435	432.6	2223	2223
434.5	431.33	2415	2415
434	431.32	2233	2233
433.5	430.17	2339	2339
433	430.13	2334	2334
432.5	428.87	2268	2268
432	428.88	2273	2273
431.5	428.87	2284	2284
431	427.72	2226	2226
430.5	427.72	2367	2367
430	426.47	2332	2332
429.5	426.47	2319	2319
429	426.46	2332	2332
428.5	425.28	2212	2212
428	425.28	2232	2232
427.5	424.02	2323	2323
427	424.03	2363	2363
426.5	424.02	2259	2259
426	422.87	2363	2363
425.5	422.87	2367	2367
425	421.66	2476	2476
424.5	421.67	2233	2233
424	421.67	2209	2209
423.5	420.52	2392	2392
423	420.51	2329	2329
422.5	419.25	2286	2286
422	419.25	2239	2239
421.5	418.1	2235	2235
421	418.11	2266	2266
420.5	418.1	2322	2322
420	416.84	2292	2292
419.5	416.87	2418	2418
419	415.7	2327	2327
418.5	415.69	2206	2206
418	415.7	2272	2272
417.5	414.43	2347	2347
417	414.42	2319	2319
416.5	413.28	2294	2294
416	413.27	2363	2363
415.5	413.26	2249	2249
415	412.03	2291	2291
414.5	412.02	2377	2377
414	410.86	2336	2336
413.5	410.88	2324	2324
413	409.61	2454	2454
412.5	409.59	2368	2368
412	409.6	2290	2290
411.5	408.47	2343	2343
411	408.42	2454	2454
410.5	407.21	2331	2331
410	407.21	2425	2425
409.5	407.2	2385	2385
409	406.02	2312	2312
408.5	406.03	2292	2292
408	404.71	2269	2269
407.5	404.71	2349	2349
407	404.72	2347	2347
406.5	403.55	2273	2273
406	403.56	2481	2481
405.5	402.33	2209	2209
405	402.32	2263	2263
404.5	402.33	2397	2397
404	401.19	2275	2275
403.5	401.16	2234	2234
403	399.88	2352	2352
402.5	399.91	2304	2304
402	398.7	2300	2300
401.5	398.71	2256	2256
401	398.72	2264	2264
400.5	397.45	2420	2420
400	397.46	2254	2254
399.5	396.32	2387	2387
399	396.29	2238	2238
398.5	396.3	2440	2440
398	395.08	2355	2355
397.5	395.06	2291	2291
397	393.9	2404	2404
396.5	393.9	2279	2279
396	393.9	2175	2175
395.5	392.6	2347	2347
395	392.65	2388	2388
394.5	391.45	2396	2396
394	391.43	2312	2312
393.5	391.46	2402	2402
393	390.17	2334	2334
392.5	390.15	2349	2349
392	389.01	2455	2455
391.5	389	2406	2406
391	387.7	2345	2345
390.5	387.73	2352	2352
390	387.71	2288	2288
389.5	386.52	2400	2400
389	386.53	2423	2423
388.5	385.26	2431	2431
388	385.26	2271	2271
387.5	385.27	2441	2441
387	384.12	2318	2318
386.5	384.09	2402	2402
386	382.9	2419	2419
385.5	382.91	2253	2253
385	382.91	2404	2404
384.5	381.74	2470	2470
384	381.75	2381	2381
383.5	380.47	2363	2363
383	380.48	2302	2302
382.5	380.49	2336	2336
382	379.32	2365	2365
381.5	379.32	2368	2368
381	378.08	2410	2410
380.5	378.09	2468	2468
380	376.9	2432	2432
379.5	376.92	2454	2454
379	376.91	2577	2577
378.5	375.67	2404	2404
378	375.67	2406	2406
377.5	374.5	2553	2553
377	374.49	2435	2435
376.5	374.52	2423	2423
376	373.27	2474	2474
375.5	373.27	2480	2480
375	372.1	2442	2442
374.5	372.1	2470	2470
374	372.08	2448	2448
373.5	370.86	2380	2380
373	370.86	2345	2345
372.5	369.65	2560	2560
372	369.67	2600	2600
371.5	368.47	2463	2463
371	368.44	2527	2527
370.5	368.44	2625	2625
370	367.27	2542	2542
369.5	367.25	2683	2683
369	366	2962	2962
368.5	366.04	2752	2752
368	366.02	2991	2991
367.5	364.83	3312	3312
367	364.84	3279	3279
366.5	363.65	3311	3311
366	363.64	3174	3174
365.5	363.65	3273	3273
365	362.47	3048	3048
364.5	362.46	3112	3112
364	361.25	3288	3288
363.5	361.25	3358	3358
363	361.23	3413	3413
362.5	360.05	3527	3527
362	360.04	3625	3625
361.5	358.85	3960	3960
361	358.85	4011	4011
360.5	357.67	3654	3654
360	357.67	3655	3655
359.5	357.65	3559	3559
359	356.45	3057	3057
358.5	356.45	3157	3157
358	355.23	3086	3086
357.5	355.24	3097	3097
357	355.23	3177	3177
356.5	354.03	3119	3119
356	354.05	3095	3095
355.5	352.84	2951	2951
355	352.84	3040	3040
354.5	352.85	2962	2962
354	351.63	3031	3031
353.5	351.62	3031	3031
353	350.41	2900	2900
352.5	350.4	2904	2904
352	350.41	2811	2811
351.5	349.2	2891	2891
351	349.19	3117	3117
350.5	347.97	2908	2908
350	347.97	2821	2821
349.5	346.77	2901	2901
349	346.77	3032	3032
348.5	346.77	2853	2853
348	345.52	2832	2832
347.5	345.55	2877	2877
347	344.39	3011	3011
346.5	344.39	2887	2887
346	344.39	3057	3057
345.5	343.16	2850	2850
345	343.16	2852	2852
344.5	342	2834	2834
344	341.97	3025	3025
343.5	342	2800	2800
343	340.76	2812	2812
342.5	340.75	2902	2902
342	339.59	2954	2954
341.5	339.59	2858	2858
341	339.58	2947	2947
340.5	338.38	2891	2891
340	338.39	2938	2938
339.5	337.2	3034	3034
339	337.21	2952	2952
338.5	335.97	2930	2930
338	335.95	2906	2906
337.5	335.96	2961	2961
337	334.8	2962	2962
336.5	334.79	2889	2889
336	333.56	2939	2939
335.5	333.58	2926	2926
335	333.57	2917	2917
334.5	332.37	2853	2853
334	332.38	3056	3056
333.5	331.14	3015	3015
333	331.13	2962	2962
332.5	331.14	2981	2981
332	329.93	2944	2944
331.5	329.95	3086	3086
331	328.72	2854	2854
330.5	328.74	2998	2998
330	327.51	2924	2924
329.5	327.51	2951	2951
329	327.51	3026	3026
328.5	326.22	3124	3124
328	326.24	2850	2850
327.5	325.07	2894	2894
327	325.06	2957	2957
326.5	325.05	3016	3016
326	323.83	2831	2831
325.5	323.83	2945	2945
325	322.65	2994	2994
324.5	322.66	3040	3040
324	322.64	2993	2993
323.5	321.36	3075	3075
323	321.36	2936	2936
322.5	320.15	2931	2931
322	320.15	2951	2951
321.5	320.16	3003	3003
321	318.92	3043	3043
320.5	318.93	3124	3124
320	317.77	2991	2991
319.5	317.77	3062	3062
319	316.52	3050	3050
318.5	316.53	3193	3193
318	316.52	2946	2946
317.5	315.34	3146	3146
317	315.35	2968	2968
316.5	314.06	3113	3113
316	314.06	3235	3235
315.5	314.07	3172	3172
315	312.85	3132	3132
314.5	312.87	3288	3288
314	311.6	3238	3238
313.5	311.61	3321	3321
313	311.6	3272	3272
312.5	310.41	3279	3279
312	310.39	3475	3475
311.5	309.1	3507	3507
311	309.11	3306	3306
310.5	309.09	3494	3494
310	307.92	3339	3339
309.5	307.94	3362	3362
309	306.66	3447	3447
308.5	306.65	3457	3457
308	305.52	3493	3493
307.5	305.51	3633	3633
307	305.52	3563	3563
306.5	304.29	3271	3271
306	304.28	3653	3653
305.5	303.11	3522	3522
305	303.11	3376	3376
304.5	303.08	3548	3548
304	301.83	3624	3624
303.5	301.85	3515	3515
303	300.67	3457	3457
302.5	300.66	3604	3604
302	300.66	3413	3413
301.5	299.45	3547	3547
301	299.44	3411	3411
300.5	298.28	3529	3529
300	298.28	3524	3524
299.5	298.27	3609	3609
299	297.04	3474	3474
298.5	297.03	3561	3561
298	295.86	3650	3650
297.5	295.86	3549	3549
297	294.64	3516	3516
296.5	294.64	3568	3568
296	294.65	3517	3517
295.5	293.47	3484	3484
295	293.47	3578	3578
294.5	292.24	3517	3517
294	292.2	3585	3585
293.5	292.22	3377	3377
293	291.04	3493	3493
292.5	291.05	3543	3543
292	289.8	3474	3474
291.5	289.82	3464	3464
291	289.83	3642	3642
290.5	288.63	3499	3499
290	288.65	3475	3475
289.5	287.38	3556	3556
289	287.37	3601	3601
288.5	286.24	3528	3528
288	286.25	3371	3371
287.5	286.22	3413	3413
287	285.02	3508	3508
286.5	285.01	3494	3494
286	283.84	3311	3311
285.5	283.85	3430	3430
285	283.85	3420	3420
284.5	282.57	3556	3556
284	282.59	3568	3568
283.5	281.41	3716	3716
283	281.42	3569	3569
282.5	281.43	3548	3548
282	280.21	3605	3605
281.5	280.18	3471	3471
281	279.03	3759	3759
280.5	279.04	3650	3650
280	279.02	3581	3581
279.5	277.8	3743	3743
279	277.81	3628	3628
278.5	276.59	3651	3651
278	276.59	3597	3597
277.5	275.37	3699	3699
277	275.34	3774	3774
276.5	275.35	3810	3810
276	274.18	3734	3734
275.5	274.18	3856	3856
275	272.92	3834	3834
274.5	272.95	3844	3844
274	272.92	3901	3901
273.5	271.74	3934	3934
273	271.74	3859	3859
272.5	270.51	3955	3955
272	270.51	3927	3927
271.5	270.52	3812	3812
271	269.32	3929	3929
270.5	269.31	3887	3887
270	268.07	3947	3947
269.5	268.08	4139	4139
269	268.06	4068	4068
268.5	266.93	3882	3882
268	266.94	3943	3943
267.5	265.72	3875	3875
267	265.72	4116	4116
266.5	264.55	3879	3879
266	264.55	3981	3981
265.5	264.56	3982	3982
265	263.32	3854	3854
264.5	263.32	4097	4097
264	262.14	3894	3894
263.5	262.13	3870	3870
263	262.13	3890	3890
262.5	260.91	3737	3737
262	260.94	3963	3963
261.5	259.74	4024	4024
261	259.73	4096	4096
260.5	259.75	3899	3899
260	258.51	4060	4060
259.5	258.52	3879	3879
259	257.33	3902	3902
258.5	257.32	3803	3803
258	257.3	3772	3772
257.5	256.13	4047	4047
257	256.12	4091	4091
256.5	254.92	4038	4038
256	254.94	3789	3789
255.5	253.69	3920	3920
255	253.69	3936	3936
254.5	253.7	3860	3860
254	252.5	3992	3992
253.5	252.48	3862	3862
253	251.29	4173	4173
252.5	251.29	4075	4075
252	251.29	4181	4181
251.5	250.09	4113	4113
251	250.09	3813	3813
250.5	248.83	4087	4087
250	248.81	4053	4053
249.5	248.82	4092	4092
249	247.64	4191	4191
248.5	247.64	4035	4035
248	246.41	4126	4126
247.5	246.42	4037	4037
247	246.4	4210	4210
246.5	245.22	4229	4229
246	245.23	3963	3963
245.5	243.99	3789	3789
245	243.98	3966	3966
244.5	242.75	3888	3888
244	242.74	3977	3977
243.5	242.73	4017	4017
243	241.53	4101	4101
242.5	241.53	4096	4096
242	240.34	4301	4301
241.5	240.34	4048	4048
241	240.34	3838	3838
240.5	239.13	3976	3976
240	239.15	4168	4168
239.5	237.92	4229	4229
239	237.93	4105	4105
238.5	237.92	4148	4148
238	236.68	4084	4084
237.5	236.68	4129	4129
237	235.5	4185	4185
236.5	235.5	3984	3984
236	234.23	4138	4138
235.5	234.25	4292	4292
235	234.25	4309	4309
234.5	233	4140	4140
234	233.01	4324	4324
233.5	231.82	4183	4183
233	231.8	4065	4065
232.5	231.8	4198	4198
232	230.58	4165	4165
231.5	230.55	4250	4250
231	229.33	4041	4041
230.5	229.35	4180	4180
230	229.32	4102	4102
229.5	228.14	4217	4217
229	228.16	4150	4150
228.5	226.94	4238	4238
228	226.94	4027	4027
227.5	226.96	4260	4260
227	225.76	4264	4264
226.5	225.74	4180	4180
226	224.55	4317	4317
225.5	224.55	4264	4264
225	223.31	4417	4417
224.5	223.34	4101	4101
224	223.33	4407	4407
223.5	222.13	4154	4154
223	222.15	4237	4237
222.5	220.95	4325	4325
222	220.94	4257	4257
221.5	220.94	4379	4379
221	219.75	4264	4264
220.5	219.74	4305	4305
220	218.53	4354	4354
219.5	218.53	4377	4377
219	218.52	4397	4397
218.5	217.34	4402	4402
218	217.35	4404	4404
217.5	216.13	4397	4397
217	216.15	4420	4420
216.5	216.16	4218	4218
216	214.93	4497	4497
215.5	214.94	4462	4462
215	213.7	4370	4370
214.5	213.69	4557	4557
214	212.53	4419	4419
213.5	212.52	4362	4362
213	212.52	4507	4507
212.5	211.32	4446	4446
212	211.32	4507	4507
211.5	210.11	4586	4586
211	210.1	4650	4650
210.5	210.12	4493	4493
210	208.89	4478	4478
209.5	208.89	4382	4382
209	207.72	4496	4496
208.5	207.71	4313	4313
208	207.72	4536	4536
207.5	206.51	4477	4477
207	206.51	4487	4487
206.5	205.31	4373	4373
206	205.33	4503	4503
205.5	205.34	4541	4541
205	204.04	4459	4459
204.5	204.07	4453	4453
204	202.92	4482	4482
203.5	202.9	4599	4599
203	201.69	4699	4699
202.5	201.7	4618	4618
202	201.67	4588	4588
201.5	200.51	4700	4700
201	200.53	4665	4665
200.5	199.24	4799	4799
200	199.24	4606	4606
