Energy(meas),Scan1
1482.95,222
1483.52,155
1482.29,153
1482.29,116
1481.0,126
1481.05,107
1481.02,88
1479.81,110
1479.85,149
1478.56,132
1478.55,121
1477.41,129
1477.37,162
1477.39,109
1476.18,126
1476.14,137
1474.99,105
1475.02,124
1474.98,111
1473.76,139
1473.76,125
1472.54,135
1472.58,114
1472.6,102
1471.36,124
1471.38,152
1470.18,123
1470.15,128
1468.95,111
1468.96,107
1468.92,121
1467.75,153
1467.75,113
1466.53,116
1466.54,127
1466.53,128
1465.31,119
1465.34,142
1464.11,85
1464.1,123
1464.13,120
1462.93,134
1462.9,95
1461.74,86
1461.7,121
1461.7,106
1460.5,128
1460.48,129
1459.27,166
1459.3,123
1458.05,152
1458.05,118
1458.11,110
1456.86,151
1456.89,116
1455.69,122
1455.68,161
1455.68,94
1454.52,140
1454.49,134
1453.25,134
1453.27,125
1453.24,132
1452.09,103
1452.1,122
1450.83,112
1450.86,147
1450.88,148
1449.67,109
1449.7,138
1448.45,126
1448.44,137
1447.25,128
1447.25,132
1447.25,124
1446.01,163
1446.01,115
1444.83,124
1444.85,110
1444.85,122
1443.6,93
1443.63,149
1442.45,116
1442.45,121
1442.46,141
1441.22,124
1441.19,133
1440.04,126
1440.01,134
1440.0,104
1438.77,124
1438.77,133
1437.6,138
1437.62,124
1436.38,138
1436.39,130
1436.41,132
1435.21,127
1435.22,127
1433.96,159
1433.96,143
1433.96,117
1432.81,109
1432.77,139
1431.55,101
1431.54,150
1431.53,115
1430.37,155
1430.38,121
1429.11,107
1429.14,152
1427.94,126
1427.93,139
1427.96,128
1426.68,112
1426.71,116
1425.55,131
1425.51,154
1425.53,147
1424.34,108
1424.31,129
1423.15,153
1423.17,125
1423.13,118
1421.94,108
1421.93,122
1420.83,120
1420.86,135
1420.87,103
1419.64,111
1419.68,145
1418.53,140
1418.51,99
1417.39,120
1417.37,117
1417.37,143
1416.19,146
1416.17,128
1415.1,163
1415.14,109
1415.08,111
1413.9,145
1413.92,137
1412.74,115
1412.76,166
1412.74,153
1411.5,171
1411.53,100
1410.31,142
1410.29,128
1410.32,136
1409.08,166
1409.06,124
1407.89,110
1407.86,129
1406.6,133
1406.63,130
1406.59,126
1405.44,133
1405.45,135
1404.18,126
1404.19,121
1404.19,121
1402.92,183
1402.97,125
1401.72,153
1401.7,174
1401.73,157
1400.52,109
1400.51,122
1399.3,118
1399.31,125
1399.29,126
1398.11,105
1398.1,151
1396.88,151
1396.9,131
1395.69,117
1395.68,135
1395.7,168
1394.51,139
1394.47,132
1393.31,127
1393.29,142
1393.26,149
1392.11,122
1392.11,118
1390.88,132
1390.91,121
1390.88,134
1389.68,161
1389.69,128
1388.47,113
1388.48,132
1387.3,141
1387.25,123
1387.29,166
1386.08,111
1386.07,178
1384.92,110
1384.88,128
1384.89,122
1383.67,154
1383.63,121
1382.44,111
1382.49,129
1382.45,144
1381.21,136
1381.24,130
1380.04,149
1380.03,150
1380.07,145
1378.83,146
1378.82,113
1377.64,137
1377.62,114
1376.44,149
1376.44,151
1376.39,130
1375.21,109
1375.23,143
1373.97,143
1374.01,125
1373.99,146
1372.8,156
1372.83,158
1371.6,156
1371.6,145
1371.61,131
1370.4,154
1370.37,133
1369.2,137
1369.17,141
1369.19,140
1367.96,131
1367.92,152
1366.79,163
1366.78,113
1365.53,123
1365.57,124
1365.54,145
1364.38,136
1364.42,115
1363.14,162
1363.12,165
1363.14,135
1361.91,153
1361.91,162
1360.71,143
1360.68,144
1360.7,111
1359.52,153
1359.5,154
1358.32,148
1358.33,141
1358.3,135
1357.1,127
1357.08,124
1355.87,140
1355.9,135
1354.71,134
1354.7,134
1354.73,146
1353.48,181
1353.5,143
1352.31,142
1352.28,165
1352.3,148
1351.09,171
1351.06,131
1349.89,129
1349.88,145
1349.87,130
1348.7,147
1348.67,133
1347.5,144
1347.52,144
1347.5,161
1346.28,142
1346.28,117
1345.06,161
1345.1,137
1343.86,159
1343.84,157
1343.85,155
1342.63,161
1342.58,140
1341.38,177
1341.37,134
1341.35,147
1340.18,116
1340.17,132
1338.94,136
1338.95,144
1338.94,165
1337.76,147
1337.77,156
1336.48,142
1336.52,138
1335.31,155
1335.3,162
1335.34,159
1334.1,152
1334.1,157
1332.91,163
1332.91,143
1332.89,156
1331.71,150
1331.69,124
1330.45,153
1330.46,134
1330.41,112
1329.24,184
1329.23,117
1328.01,163
1328.05,154
1328.02,156
1326.8,199
1326.8,179
1325.61,148
1325.62,184
1324.35,197
1324.33,133
1324.33,155
1323.12,152
1323.1,143
1321.89,149
1321.91,116
1321.87,145
1320.69,156
1320.69,160
1319.49,138
1319.5,124
1319.49,157
1318.29,160
1318.32,107
1317.11,163
1317.1,142
1317.1,128
1315.88,126
1315.91,168
1314.71,160
1314.7,133
1313.5,155
1313.49,139
1313.48,133
1312.32,120
1312.32,115
1311.09,149
1311.13,147
1311.12,160
1309.87,169
1309.9,162
1308.71,166
1308.7,154
1308.73,137
1307.5,143
1307.51,134
1306.32,116
1306.3,143
1306.29,151
1305.12,131
1305.11,153
1303.86,118
1303.87,151
1302.65,119
1302.67,132
1302.68,161
1301.44,152
1301.48,148
1300.28,170
1300.27,149
1300.31,142
1299.05,157
1299.04,134
1297.86,162
1297.83,154
1297.85,168
1296.64,135
1296.62,136
1295.47,150
1295.47,152
1294.21,190
1294.25,135
1294.23,156
1293.04,151
1293.09,123
1291.8,124
1291.8,169
1291.84,160
1290.63,98
1290.66,158
1289.45,136
1289.42,139
1289.41,176
1288.26,141
1288.23,145
1287.01,139
1287.02,147
1286.99,145
1285.82,129
1285.82,143
1284.56,140
1284.59,135
1283.38,134
1283.37,142
1283.41,143
1282.17,138
1282.15,133
1281.02,151
1280.99,143
1280.99,136
1279.78,136
1279.77,169
1278.6,129
1278.63,143
1278.6,150
1277.37,142
1277.37,139
1276.21,173
1276.22,134
1276.21,129
1274.93,149
1274.98,152
1273.77,160
1273.74,166
1272.56,119
1272.54,128
1272.54,167
1271.41,159
1271.38,146
1270.17,162
1270.2,166
1270.18,157
1268.97,139
1268.98,131
1267.76,156
1267.72,137
1267.77,168
1266.6,150
1266.58,159
1265.4,150
1265.38,120
1265.39,149
1264.31,198
1264.28,123
1263.09,124
1263.1,170
1261.93,136
1261.93,187
1261.93,158
1260.77,160
1260.8,142
1259.61,151
1259.57,187
1259.6,152
1258.5,142
1258.46,155
1257.33,163
1257.33,146
1257.33,159
1256.11,158
1256.09,196
1254.89,169
1254.92,179
1253.73,175
1253.7,135
1253.75,161
1252.4,156
1252.41,177
1251.28,154
1251.24,158
1251.25,177
1250.02,161
1250.01,159
1248.77,176
1248.77,160
1248.75,175
1247.57,174
1247.57,158
1246.22,166
1246.23,170
1246.24,134
1244.97,146
1245.02,178
1243.79,167
1243.79,153
1242.59,147
1242.57,163
1242.58,186
1241.38,153
1241.36,180
1240.17,158
1240.17,136
1240.15,199
1238.96,158
1238.98,168
1237.74,167
1237.77,155
1237.76,167
1236.54,189
1236.57,150
1235.33,205
1235.32,190
1235.35,197
1234.12,163
1234.12,195
1232.9,183
1232.88,176
1231.73,130
1231.73,174
1231.72,171
1230.54,197
1230.54,171
1229.31,157
1229.33,176
1229.32,159
1228.13,161
1228.12,195
1226.88,151
1226.9,144
1226.92,169
1225.7,140
1225.68,187
1224.53,195
1224.52,183
1224.52,163
1223.35,188
1223.32,190
1222.1,180
1222.1,174
1220.87,196
1220.9,167
1220.9,198
1219.7,166
1219.72,192
1218.49,177
1218.49,164
1218.51,171
1217.28,179
1217.29,154
1216.11,192
1216.06,179
1216.09,173
1214.91,155
1214.87,195
1213.66,147
1213.65,180
1212.47,181
1212.49,167
1212.49,185
1211.25,196
1211.27,195
1210.07,190
1210.07,186
1210.08,194
1208.85,194
1208.86,201
1207.64,221
1207.62,182
1207.63,221
1206.43,175
1206.41,193
1205.25,154
1205.25,175
1205.22,202
1204.02,226
1204.03,154
1202.82,214
1202.82,191
1201.6,206
1201.58,195
1201.59,162
1200.41,187
1200.41,192
1199.19,235
1199.19,218
1199.18,193
1198.01,307
1198.0,315
1196.76,269
1196.78,255
1196.76,254
1195.61,210
1195.6,219
1194.36,200
1194.38,204
1194.36,208
1193.18,208
1193.2,201
1191.96,208
1191.95,240
1190.81,208
1190.79,192
1190.78,260
1189.58,197
1189.55,223
1188.35,196
1188.38,201
1188.36,223
1187.1,190
1187.12,232
1185.9,200
1185.91,214
1185.89,212
1184.67,182
1184.66,200
1183.47,228
1183.44,232
1183.46,219
1182.23,205
1182.22,225
1181.03,225
1181.02,234
1179.76,209
1179.78,240
1179.77,230
1178.57,201
1178.57,225
1177.33,205
1177.36,248
1177.37,220
1176.17,229
1176.2,216
1174.95,261
1174.92,229
1174.95,222
1173.76,176
1173.74,200
1172.51,201
1172.49,203
1172.47,218
1171.34,213
1171.33,273
1170.06,176
1170.05,220
1168.85,189
1168.83,218
1168.86,210
1167.58,267
1167.58,217
1166.4,210
1166.4,235
1166.41,211
1165.2,229
1165.18,230
1164.03,225
1164.0,253
1164.0,219
1162.79,185
1162.77,220
1161.59,221
1161.6,189
1160.36,261
1160.37,222
1160.41,310
1159.2,228
1159.22,201
1157.97,207
1157.97,201
1158.0,229
1156.81,214
1156.8,220
1155.61,240
1155.6,235
1155.59,217
1154.38,247
1154.38,253
1153.17,232
1153.21,251
1153.19,218
1151.98,211
1151.98,204
1150.79,239
1150.77,247
1149.59,232
1149.56,239
1149.54,222
1148.36,261
1148.34,232
1147.15,238
1147.13,246
1147.15,216
1145.96,207
1145.96,265
1144.74,187
1144.72,205
1144.72,243
1143.53,200
1143.54,227
1142.35,230
1142.32,238
1142.33,229
1141.17,205
1141.11,247
1139.95,255
1139.93,229
1138.71,260
1138.76,239
1138.74,273
1137.5,314
1137.53,253
1136.33,229
1136.31,219
1136.36,217
1135.1,234
1135.11,209
1133.95,246
1133.93,254
1133.93,233
1132.72,258
1132.73,215
1131.52,203
1131.5,225
1131.5,240
1130.31,259
1130.29,244
1129.07,266
1129.09,240
1127.85,283
1127.84,253
1127.86,256
1126.67,220
1126.68,250
1125.5,243
1125.45,253
1125.45,238
1124.26,199
1124.23,215
1123.05,269
1123.05,242
1123.03,236
1121.85,262
1121.86,221
1120.63,241
1120.64,250
1119.45,256
1119.42,290
1119.44,229
1118.24,253
1118.22,226
1117.05,247
1117.05,236
1117.01,213
1115.85,274
1115.85,290
1114.63,236
1114.64,226
1114.63,265
1113.41,196
1113.44,243
1112.23,255
1112.2,233
1112.23,253
1111.04,262
1111.03,253
1109.81,270
1109.81,261
1108.7,267
1108.71,286
1108.71,235
1107.56,246
1107.56,260
1106.43,286
1106.43,272
1106.44,237
1105.24,274
1105.23,308
1104.09,222
1104.1,283
1104.09,251
1102.93,325
1102.94,259
1101.81,234
1101.82,218
1101.8,255
1100.61,237
1100.6,286
1099.41,233
1099.42,250
1098.23,257
1098.22,279
1098.21,280
1097.06,264
1097.05,340
1095.78,290
1095.81,280
1095.78,274
1094.54,276
1094.55,280
1093.36,249
1093.33,255
1093.37,336
1092.08,245
1092.09,247
1090.92,282
1090.89,299
1090.92,273
1089.65,244
1089.61,287
1088.45,305
1088.44,306
1087.21,287
1087.22,252
1087.21,296
1086.01,326
1086.02,267
1084.79,321
1084.78,318
1084.79,338
1083.62,291
1083.59,263
1082.4,315
1082.4,304
1082.38,231
1081.24,334
1081.22,289
1079.97,308
1080.0,262
1078.79,286
1078.78,285
1078.81,243
1077.61,343
1077.58,282
1076.41,327
1076.41,251
1076.4,291
1075.2,375
1075.2,316
1073.98,290
1074.03,274
1074.01,293
1072.77,306
1072.78,272
1071.59,317
1071.57,316
1071.59,299
1070.35,286
1070.35,318
1069.16,336
1069.16,287
1067.92,323
1067.95,305
1067.95,346
1066.73,326
1066.77,339
1065.54,327
1065.55,308
1065.55,342
1064.35,313
1064.34,363
1063.11,341
1063.11,301
1063.12,359
1061.93,319
1061.92,348
1060.73,304
1060.74,326
1060.72,330
1059.53,336
1059.54,289
1058.36,304
1058.36,348
1057.14,326
1057.12,337
1057.14,302
1055.94,300
1055.92,328
1054.74,332
1054.73,344
1054.71,325
1053.52,307
1053.52,361
1052.32,277
1052.33,331
1052.3,322
1051.09,323
1051.09,313
1049.86,313
1049.85,365
1049.88,335
1048.64,318
1048.63,318
1047.47,300
1047.43,298
1046.23,344
1046.28,365
1046.27,344
1045.05,304
1045.06,339
1043.85,361
1043.83,337
1043.86,386
1042.63,375
1042.63,327
1041.44,347
1041.43,361
1041.44,330
1040.25,343
1040.2,366
1039.04,363
1039.08,391
1039.05,334
1037.82,372
1037.84,313
1036.64,418
1036.64,398
1035.44,344
1035.42,389
1035.43,334
1034.24,368
1034.21,327
1033.01,367
1033.03,335
1032.99,359
1031.83,376
1031.81,410
1030.54,352
1030.57,398
1030.56,406
1029.36,377
1029.37,427
1028.11,396
1028.1,337
1026.92,409
1026.91,341
1026.88,400
1025.68,377
1025.7,385
1024.43,442
1024.45,365
1024.44,361
1023.21,402
1023.24,419
1022.02,388
1022.01,384
1022.04,430
1020.78,416
1020.79,403
1019.66,341
1019.65,405
1019.66,402
1018.41,428
1018.37,367
1017.19,417
1017.21,458
1015.94,360
1015.95,365
1015.99,414
1014.76,377
1014.79,437
1013.56,391
1013.53,409
1013.56,433
1012.31,442
1012.28,398
1011.07,406
1011.07,397
1011.06,408
1009.88,424
1009.87,414
1008.62,410
1008.65,375
1008.68,435
1007.44,391
1007.45,426
1006.3,423
1006.25,366
1005.05,382
1005.05,401
1005.04,412
1003.89,434
1003.88,379
1002.61,408
1002.65,437
1002.65,404
1001.46,470
1001.48,395
1000.29,414
1000.26,424
1000.27,455
999.1,440
999.06,426
997.87,384
997.84,439
997.86,457
996.69,404
996.66,414
995.44,387
995.47,432
994.26,459
994.24,411
994.26,450
993.04,393
993.04,403
991.85,386
991.82,385
991.8,444
990.62,502
990.6,463
989.38,473
989.41,425
989.41,444
988.19,477
988.22,451
986.99,417
986.97,478
985.81,395
985.79,470
985.78,395
984.59,438
984.58,466
983.42,448
983.43,479
983.41,424
982.18,398
982.21,478
981.03,402
981.02,496
981.03,463
979.87,491
979.83,476
978.57,463
978.57,440
978.58,484
977.37,473
977.4,481
976.19,484
976.18,459
974.96,492
974.95,471
974.94,484
973.79,429
973.75,416
972.53,539
972.56,462
972.53,419
971.32,458
971.35,493
970.14,437
970.16,470
970.17,484
968.96,531
968.95,426
967.78,473
967.75,455
967.74,489
966.55,496
966.53,499
965.33,494
965.37,523
964.14,617
964.12,550
964.13,518
962.93,541
962.93,561
961.77,503
961.73,586
961.74,505
960.57,510
960.53,491
959.33,581
959.35,519
959.34,542
958.16,557
958.16,561
956.89,556
956.94,665
956.94,630
955.7,835
955.75,955
954.52,1045
954.51,1122
953.31,986
953.29,980
953.28,1004
952.03,670
952.03,611
950.79,575
950.82,601
950.82,584
949.57,568
949.61,564
948.38,598
948.37,520
948.41,597
947.16,627
947.15,631
945.93,583
945.92,555
944.69,647
944.72,632
944.68,676
943.5,639
943.51,645
942.32,658
942.32,627
942.33,626
941.1,722
941.14,664
939.85,651
939.86,691
939.87,750
938.66,684
938.64,715
937.41,738
937.41,782
937.39,727
936.16,775
936.15,836
934.95,789
935.0,741
933.68,765
933.67,778
933.7,776
932.46,757
932.46,789
931.29,790
931.26,764
931.27,802
930.08,765
930.04,827
928.86,750
928.88,808
928.83,711
927.62,717
927.64,715
926.42,757
926.44,758
926.45,760
925.24,793
925.25,712
924.05,714
924.02,681
922.85,804
922.86,824
922.84,846
921.68,778
921.66,834
920.41,832
920.45,858
920.43,806
919.23,737
919.26,917
918.02,908
918.0,857
918.03,861
916.81,864
916.8,889
915.65,1024
915.62,984
915.61,1030
914.43,968
914.4,1034
913.19,981
913.21,876
912.0,851
912.01,897
912.0,903
910.78,925
910.8,889
909.61,950
909.59,924
909.6,836
908.41,847
908.39,816
907.17,831
907.18,836
907.16,875
905.96,827
905.97,790
904.75,902
904.75,828
903.58,843
903.57,799
903.57,862
902.42,734
902.38,878
901.16,835
901.19,836
901.13,763
899.99,879
899.98,866
898.72,843
898.74,751
898.73,877
897.52,888
897.57,857
896.35,811
896.33,874
896.34,851
895.14,892
895.13,933
893.88,847
893.87,803
892.68,794
892.69,804
892.69,805
891.46,896
891.5,908
890.31,901
890.3,853
890.3,804
889.04,892
889.07,803
887.86,829
887.86,882
887.86,788
886.68,783
886.65,809
885.47,864
885.48,827
885.47,820
884.3,901
884.29,847
883.1,872
883.11,830
881.89,837
881.87,822
881.9,824
880.67,797
880.63,809
879.49,842
879.48,884
879.47,818
878.27,840
878.25,852
877.05,790
877.06,802
877.07,904
875.85,837
875.89,820
874.63,799
874.61,752
874.63,823
873.38,732
873.38,813
872.2,857
872.15,776
870.94,785
870.96,959
870.93,801
869.74,752
869.74,871
868.5,852
868.51,826
868.51,804
867.26,839
867.29,788
866.08,801
866.05,818
866.06,873
864.91,777
864.9,810
863.69,817
863.69,841
863.67,835
862.5,813
862.51,879
861.21,878
861.23,885
860.02,881
860.02,947
860.04,896
858.77,831
858.79,783
857.61,850
857.59,866
857.6,895
856.37,821
856.32,859
855.14,851
855.16,832
855.11,923
853.9,832
853.9,891
852.72,912
852.74,845
851.47,860
851.43,882
851.47,872
850.32,870
850.3,933
849.07,892
849.04,861
849.03,860
847.93,873
847.92,930
846.64,922
846.67,842
846.68,889
845.54,836
845.55,862
844.28,983
844.26,942
844.3,937
843.12,881
843.1,936
841.87,970
841.87,842
840.69,922
840.7,956
840.69,930
839.45,1019
839.48,931
838.29,1014
838.28,995
838.3,1019
837.07,1028
837.06,1005
835.88,1035
835.87,1048
835.86,1045
834.64,1029
834.64,1022
833.47,1011
833.46,956
833.46,996
832.25,947
832.24,1030
831.04,940
831.06,964
829.83,1043
829.81,939
829.85,998
828.63,967
828.62,951
827.45,1056
827.42,1038
827.43,1084
826.28,993
826.26,1062
825.04,996
825.07,1074
825.04,1035
823.85,978
823.86,974
822.61,1011
822.63,1033
822.64,1045
821.42,1087
821.4,1058
820.22,1074
820.21,1017
818.97,967
819.01,1056
818.99,1160
817.8,961
817.83,1008
816.59,1121
816.6,1143
816.62,1094
815.37,1052
815.37,1070
814.2,1106
814.16,1189
814.18,1065
812.99,1103
812.98,1120
811.78,1122
811.78,1238
810.56,1079
810.58,1112
810.58,1118
809.34,1271
809.36,1106
808.2,1145
808.15,1081
808.18,1104
806.99,1169
806.97,1137
805.8,1085
805.79,1089
805.77,1112
804.56,1149
804.56,1150
803.37,1131
803.38,1271
803.37,1155
802.13,1230
802.14,1260
800.97,1184
800.94,1197
799.73,1170
799.75,1160
799.72,1241
798.55,1198
798.55,1223
797.35,1229
797.37,1171
797.37,1214
796.23,1225
796.24,1190
795.09,1187
795.06,1203
795.07,1240
793.9,1171
793.91,1203
792.74,1199
792.76,1296
792.73,1147
791.58,1170
791.58,1159
790.47,1260
790.47,1203
789.31,1196
789.32,1121
789.32,1213
788.18,1115
788.18,1203
786.94,1286
786.94,1264
786.95,1270
785.77,1271
785.78,1187
784.52,1248
784.54,1191
784.55,1251
783.33,1237
783.32,1158
782.07,1309
782.08,1207
782.09,1197
780.9,1322
780.89,1274
779.62,1267
779.63,1289
778.45,1170
778.46,1199
778.48,1199
777.18,1225
777.16,1149
776.0,1280
775.98,1223
775.95,1250
774.74,1182
774.72,1212
773.53,1206
773.57,1280
773.53,1160
772.31,1259
772.32,1274
771.13,1299
771.12,1307
769.91,1325
769.92,1401
769.91,1283
768.77,1277
768.75,1305
767.56,1219
767.54,1278
767.53,1330
766.34,1228
766.35,1232
765.11,1267
765.12,1286
765.15,1247
763.91,1318
763.93,1379
762.73,1299
762.69,1275
762.7,1378
761.52,1286
761.5,1233
760.28,1368
760.32,1224
759.11,1349
759.1,1258
759.12,1244
757.89,1296
757.89,1317
756.67,1256
756.68,1161
756.68,1173
755.48,1204
755.45,1377
754.25,1310
754.27,1296
754.25,1181
753.05,1325
753.08,1291
751.86,1307
751.88,1316
751.89,1327
750.65,1305
750.66,1225
749.52,1293
749.5,1282
748.29,1157
748.32,1223
748.3,1213
747.08,1234
747.11,1196
745.89,1219
745.88,1215
745.91,1172
744.63,1248
744.66,1176
743.49,1228
743.45,1287
743.48,1297
742.24,1289
742.24,1235
741.03,1225
741.04,1337
741.01,1228
739.79,1257
739.82,1186
738.58,1325
738.58,1347
737.41,1223
737.36,1290
737.37,1210
736.18,1219
736.15,1323
734.96,1307
734.95,1307
734.94,1251
733.77,1097
733.79,1233
732.55,1269
732.57,1235
732.56,1256
731.36,1228
731.38,1260
730.2,1222
730.17,1281
730.16,1294
728.99,1275
729.0,1234
727.78,1205
727.79,1206
726.59,1275
726.58,1245
726.6,1314
725.35,1223
725.35,1352
724.2,1277
724.18,1296
724.17,1264
722.95,1318
722.96,1333
721.74,1268
721.76,1290
721.75,1310
720.55,1289
720.57,1350
719.33,1258
719.31,1176
718.09,1216
718.1,1297
718.09,1281
716.88,1258
716.89,1227
715.66,1318
715.65,1325
715.65,1245
714.44,1320
714.44,1237
713.23,1161
713.2,1241
713.22,1277
711.99,1163
711.99,1297
710.79,1222
710.79,1322
710.78,1237
709.6,1307
709.58,1286
708.38,1256
708.4,1238
707.2,1220
707.17,1133
707.2,1288
705.94,1292
705.94,1304
704.77,1252
704.78,1249
704.76,1284
703.49,1238
703.49,1267
702.34,1250
702.34,1255
702.34,1239
701.06,1228
701.05,1294
699.86,1314
699.84,1341
699.84,1256
698.61,1320
698.63,1331
697.38,1369
697.41,1326
696.2,1339
696.2,1336
696.22,1267
694.99,1239
694.98,1283
693.79,1170
693.78,1378
693.79,1274
692.58,1266
692.56,1358
691.43,1232
691.41,1283
691.41,1329
690.22,1341
690.22,1354
689.03,1254
689.01,1285
689.02,1337
687.81,1256
687.78,1384
686.6,1268
686.62,1260
685.37,1291
685.39,1383
685.36,1244
684.19,1328
684.22,1228
682.98,1279
682.95,1296
682.98,1271
681.8,1244
681.78,1239
680.56,1318
680.56,1302
680.57,1366
679.38,1307
679.37,1313
678.12,1261
678.13,1289
676.95,1307
676.93,1223
676.94,1299
675.7,1370
675.7,1274
674.53,1371
674.55,1440
674.52,1222
673.3,1323
673.31,1243
672.14,1346
672.15,1364
672.15,1208
670.97,1283
670.97,1324
669.76,1306
669.75,1452
669.75,1321
668.57,1353
668.54,1262
667.34,1336
667.34,1273
666.13,1328
666.13,1253
666.13,1355
664.91,1354
664.91,1331
663.72,1394
663.72,1326
663.7,1359
662.49,1336
662.48,1376
661.31,1327
661.33,1303
661.33,1388
660.08,1381
660.09,1396
658.89,1300
658.88,1387
658.89,1332
657.65,1365
657.65,1379
656.48,1404
656.48,1287
655.25,1299
655.26,1246
655.25,1346
654.06,1339
654.08,1223
652.88,1323
652.88,1362
652.88,1396
651.7,1283
651.7,1426
650.48,1339
650.47,1351
650.47,1308
649.3,1305
649.28,1318
648.06,1307
648.07,1340
648.07,1357
646.87,1452
646.87,1331
645.67,1372
645.64,1420
644.45,1403
644.46,1300
644.43,1354
643.22,1348
643.21,1324
641.99,1333
642.02,1413
642.02,1392
640.82,1345
640.82,1383
639.7,1346
639.68,1287
639.67,1379
638.46,1403
638.45,1313
637.29,1429
637.28,1364
636.11,1332
636.13,1309
636.14,1436
634.92,1343
634.92,1368
633.81,1283
633.8,1363
633.81,1327
632.63,1326
632.61,1349
631.43,1385
631.43,1438
631.43,1305
630.22,1390
630.21,1318
629.04,1358
629.04,1439
629.04,1387
627.76,1285
627.78,1411
626.58,1323
626.57,1323
625.32,1361
625.28,1342
625.3,1224
624.09,1259
624.1,1317
622.86,1276
622.85,1343
622.83,1407
621.56,1369
621.55,1392
620.35,1343
620.32,1374
620.32,1409
619.14,1366
619.15,1264
617.89,1320
617.91,1327
617.89,1409
616.7,1391
616.7,1336
615.47,1432
615.49,1462
614.34,1329
614.32,1366
614.33,1373
613.12,1457
613.12,1334
611.93,1367
611.93,1440
611.94,1354
610.71,1399
610.71,1359
609.53,1389
609.55,1402
609.54,1349
608.31,1335
608.29,1476
607.12,1397
607.12,1380
607.13,1472
605.88,1293
605.91,1370
604.71,1298
604.71,1367
603.49,1350
603.48,1349
603.46,1321
602.31,1371
602.29,1331
601.04,1413
601.07,1390
601.06,1288
599.86,1431
599.86,1282
598.64,1368
598.64,1325
598.65,1353
597.46,1307
597.47,1442
596.26,1329
596.25,1382
595.09,1280
595.11,1368
595.08,1355
593.86,1356
593.89,1373
592.69,1372
592.68,1429
592.71,1422
591.48,1494
591.47,1308
590.29,1363
590.27,1467
590.28,1339
589.05,1401
589.05,1427
587.86,1470
587.87,1373
587.86,1266
586.62,1337
586.63,1469
585.4,1356
585.41,1309
584.19,1406
584.16,1335
584.18,1338
583.0,1346
583.0,1367
581.77,1408
581.76,1406
581.76,1418
580.55,1409
580.58,1382
579.36,1337
579.35,1387
579.39,1274
578.16,1322
578.15,1408
576.96,1247
576.95,1435
576.96,1463
575.77,1426
575.77,1365
574.59,1371
574.59,1394
573.36,1407
573.37,1348
573.39,1465
572.2,1424
572.18,1347
570.99,1445
570.95,1450
570.96,1461
569.81,1378
569.78,1386
568.54,1473
568.56,1375
568.55,1400
567.37,1435
567.38,1495
566.12,1380
566.11,1384
566.13,1331
564.93,1318
564.95,1414
563.77,1537
563.75,1360
562.51,1427
562.55,1400
562.52,1317
561.24,1406
561.27,1480
560.06,1489
560.06,1600
560.08,1559
558.8,1982
558.79,1911
557.62,2671
557.61,2419
557.59,2529
556.45,2088
556.42,2002
555.18,1570
555.21,1565
555.18,1571
553.98,1526
554.02,1514
552.8,1539
552.79,1479
551.58,1559
551.55,1450
551.55,1490
550.38,1486
550.36,1510
549.1,1493
549.12,1514
549.09,1498
547.91,1550
547.93,1543
546.68,1478
546.69,1562
546.71,1493
545.45,1546
545.45,1525
544.27,1599
544.25,1687
542.99,1693
543.03,1699
543.0,1626
541.76,1539
541.77,1609
540.57,1647
540.57,1622
540.6,1618
539.35,1739
539.34,1748
538.18,1940
538.17,1971
538.17,1944
536.97,1949
536.96,1914
535.77,1856
535.78,1634
535.78,1682
534.58,1686
534.59,1712
533.39,1553
533.39,1477
532.16,1623
532.15,1651
532.16,1608
530.99,1653
530.97,1571
529.76,1543
529.76,1644
529.76,1651
528.57,1482
528.57,1624
527.33,1634
527.33,1719
527.33,1498
526.13,1667
526.11,1608
524.93,1759
524.94,1630
524.92,1643
523.71,1682
523.7,1781
522.49,1661
522.5,1716
521.33,1833
521.3,1732
521.3,1652
520.11,1667
520.1,1752
518.91,1840
518.91,1838
518.91,1697
517.72,1836
517.73,1873
516.53,1882
516.52,1957
516.52,1646
515.31,1785
515.31,1946
514.12,1879
514.12,1732
514.13,1766
512.93,1921
512.91,1889
511.73,1840
511.73,1783
510.49,1852
510.49,1892
510.49,1830
509.32,1734
509.3,1869
508.08,1741
508.07,1738
508.09,1803
506.88,1861
506.89,1648
505.67,1827
505.67,1671
505.66,1674
504.47,1743
504.46,1705
503.21,1647
503.23,1674
502.03,1757
502.04,1769
502.04,1713
500.82,1710
500.82,1638
499.65,1596
499.65,1765
499.65,1830
498.43,1743
498.45,1704
497.26,1726
497.26,1759
497.27,1751
496.05,1788
496.05,1717
494.84,1736
494.83,1756
494.84,1884
493.65,1826
493.63,1794
492.44,1787
492.44,1838
491.23,1758
491.24,1889
491.23,1672
490.03,1739
490.05,1823
488.81,1728
488.79,1769
488.81,1742
487.64,1733
487.63,1772
486.39,1711
486.4,1658
486.38,1686
485.2,1869
485.19,1630
484.02,1761
484.02,1735
484.03,1752
482.91,1667
482.93,1825
481.74,1725
481.75,1753
480.6,1799
480.6,1741
480.59,1734
479.48,1737
479.48,1734
478.29,1826
478.29,1918
478.3,1740
477.21,1797
477.22,1796
476.03,1797
476.03,1755
476.04,1773
474.82,1779
474.81,1854
473.63,1776
473.64,1785
473.63,1732
472.43,1811
472.43,1597
471.2,1870
471.19,1699
469.99,1824
470.0,1845
470.0,1811
468.75,1812
468.74,1755
467.51,1812
467.51,1660
467.49,1715
466.31,1789
466.32,1759
465.0,1739
465.06,1827
465.03,1744
463.8,1735
463.83,1713
462.59,1832
462.57,1813
461.39,1616
461.39,1735
461.38,1711
460.22,1739
460.21,1794
459.0,1727
459.01,1745
459.01,1780
457.8,1588
457.8,1836
456.62,1725
456.63,1746
456.62,1783
455.41,1671
455.4,1740
454.2,1733
454.2,1777
454.2,1696
452.99,1720
453.0,1769
451.8,1660
451.82,1735
450.6,1736
450.6,1778
450.61,1776
449.38,1645
449.38,1831
448.19,1747
448.19,1691
448.18,1781
447.0,1703
446.99,1754
445.75,1653
445.77,1699
445.76,1834
444.54,1704
444.57,1714
443.35,1726
443.34,1805
443.36,1683
442.14,1653
442.15,1722
441.0,1856
440.96,1702
439.77,1598
439.79,1734
439.77,1773
438.55,1618
438.57,1722
437.37,1706
437.37,1750
437.39,1836
436.17,1787
436.15,1855
435.0,1759
434.98,1737
434.97,1772
433.77,1805
433.74,1747
432.56,1700
432.58,1674
432.56,1683
431.31,1775
431.33,1763
430.1,1626
430.1,1675
428.93,1726
428.9,1724
428.88,1757
427.71,1719
427.7,1775
426.48,1831
426.48,1794
426.48,1872
425.28,1738
425.27,1814
424.04,1739
424.03,1804
424.04,1704
422.84,1816
422.83,1771
421.66,1784
421.66,1767
421.66,1807
420.45,1848
420.45,1805
419.23,1850
419.25,1779
418.04,1779
418.04,1805
418.09,1885
416.83,1829
416.82,1813
415.67,1850
415.65,1786
415.65,1908
414.41,1937
414.41,1846
413.26,1967
413.26,1925
413.24,1927
412.02,2064
412.02,2064
410.84,2287
410.81,2339
409.61,2467
409.6,2399
409.61,2473
408.42,2476
408.4,2535
407.2,2393
407.21,2471
407.17,2259
405.96,2070
405.99,2051
404.72,2038
404.72,2036
404.69,2018
403.55,1916
403.52,2040
402.29,1621
402.29,1946
402.29,2069
401.12,1926
401.13,1892
399.85,1992
399.85,2011
398.69,2073
398.67,2126
398.68,1995
397.42,1947
397.4,2027
396.27,2032
396.28,2115
396.26,2020
395.02,2184
395.02,2241
393.88,2092
393.86,2244
393.89,2158
392.59,2251
392.58,2183
391.41,2143
391.42,2093
391.42,2165
390.15,2214
390.15,2067
388.95,2049
388.98,2109
387.72,2152
387.69,2160
387.71,2204
386.5,2237
386.49,2223
385.26,2260
385.27,2310
385.27,2341
384.08,2218
384.09,2328
382.86,2490
382.87,2549
382.92,2406
381.67,2653
381.66,2515
380.47,2526
380.47,2418
380.46,2571
379.28,2390
379.27,2438
378.07,2375
378.09,2290
376.87,2262
376.84,2309
376.86,2353
375.7,2232
375.68,2320
374.47,2257
374.47,2172
374.45,2244
373.28,2366
373.27,2299
372.08,2259
372.06,2339
372.08,2202
370.84,2149
370.86,2319
369.64,2400
369.61,2333
368.44,2303
368.45,2194
368.42,2216
367.2,2386
367.21,2300
365.99,2285
366.0,2210
366.01,2340
364.8,2278
364.8,2255
363.62,2350
363.63,2358
363.64,2435
362.43,2267
362.43,2296
361.24,2382
361.22,2313
361.23,2374
360.02,2362
360.02,2245
358.81,2371
358.84,2336
357.65,2351
357.63,2267
357.63,2362
356.43,2394
356.43,2311
355.22,2420
355.25,2320
355.23,2390
354.01,2273
354.01,2386
352.82,2418
352.83,2370
352.83,2339
351.61,2355
351.6,2370
350.4,2372
350.4,2301
350.41,2333
349.21,2325
349.19,2408
347.97,2395
347.98,2394
346.76,2467
346.76,2251
346.77,2412
345.56,2369
345.56,2224
344.37,2386
344.37,2390
344.37,2305
343.2,2441
343.18,2374
341.97,2297
342.01,2344
341.97,2359
340.76,2410
340.78,2414
339.57,2441
339.56,2347
339.59,2307
338.37,2352
338.36,2283
337.18,2463
337.18,2316
335.96,2410
335.96,2417
335.95,2416
334.73,2555
334.74,2392
333.55,2289
333.55,2262
333.59,2200
332.34,2538
332.34,2385
331.12,2626
331.12,2440
331.11,2346
329.9,2404
329.92,2368
328.7,2581
328.71,2326
327.43,2433
327.45,2351
327.44,2506
326.23,2369
326.24,2365
325.0,2395
324.99,2514
324.99,2288
323.81,2526
323.8,2495
322.56,2402
322.55,2412
322.57,2467
321.33,2331
321.35,2447
320.08,2414
320.08,2294
320.08,2350
318.92,2492
318.92,2447
317.68,2371
317.7,2364
316.51,2348
316.51,2457
316.53,2430
315.26,2484
315.25,2470
314.08,2391
314.08,2499
314.07,2525
312.77,2435
312.77,2465
311.6,2351
311.62,2370
311.58,2539
310.31,2525
310.35,2436
309.11,2512
309.09,2578
309.12,2455
307.86,2457
307.85,2494
306.66,2488
306.63,2421
305.42,2443
305.44,2448
305.44,2517
304.26,2543
304.27,2576
303.04,2488
303.04,2646
303.07,2435
301.87,2471
301.86,2494
300.65,2487
300.64,2425
300.62,2628
299.48,2478
299.48,2466
298.24,2355
298.25,2568
298.25,2456
297.07,2452
297.08,2523
295.86,2522
295.84,2467
294.65,2526
294.65,2614
294.64,2484
293.45,2510
293.44,2584
292.23,2521
292.22,2676
292.26,2483
291.0,2587
291.0,2557
289.84,2545
289.84,2378
289.83,2386
288.6,2482
288.59,2474
287.4,2435
287.41,2531
286.16,2536
286.17,2500
286.17,2611
285.01,2556
285.0,2519
283.77,2592
283.76,2603
283.76,2519
282.6,2571
282.61,2620
281.34,2622
281.35,2593
281.37,2612
280.19,2512
280.22,2535
278.98,2535
278.95,2575
278.95,2768
277.81,2518
277.78,2606
276.51,2634
276.53,2728
275.35,2798
275.34,2774
275.36,2661
274.11,2639
274.11,2655
272.93,2745
272.93,2638
272.91,2767
271.69,2746
271.69,2839
270.47,2828
270.46,2877
270.48,2793
269.29,2865
269.28,2955
268.06,2824
268.04,2811
268.04,2866
266.89,2787
266.88,2708
265.68,2732
265.68,2881
264.5,2832
264.49,3128
264.52,2897
263.26,2801
263.27,2902
262.09,2817
262.08,2899
262.07,2863
260.89,2704
260.89,2911
259.68,2885
259.69,2710
259.69,2755
258.46,2597
258.49,2605
257.25,2816
257.24,2703
257.26,2760
256.09,2732
256.09,2835
254.87,2747
254.87,2658
253.67,2808
253.67,2789
253.68,2791
252.45,2807
252.45,2725
251.25,2713
251.24,2870
251.25,2818
250.03,2839
250.02,2740
248.82,2917
248.81,2744
248.81,2802
247.59,2910
247.6,2852
246.38,2833
246.37,2833
246.37,2889
245.13,2854
245.15,2871
243.97,2783
243.93,2800
242.68,2867
242.68,2758
242.67,2860
241.5,2768
241.5,2907
240.26,2800
240.28,2836
240.28,2920
239.07,2844
239.09,3046
237.89,2738
237.87,2920
237.88,2911
236.66,2821
236.63,2762
235.45,2760
235.45,2834
234.2,2898
234.24,2845
234.21,2826
232.97,2905
232.98,2848
231.79,2846
231.76,2955
231.79,2814
230.52,2978
230.5,2791
229.32,2879
229.32,2890
229.3,2860
228.13,2941
228.11,2977
226.92,2943
226.93,2853
226.92,2684
225.7,2972
225.71,2844
224.48,2927
224.49,2842
223.29,2850
223.29,2910
223.29,2973
222.12,2853
222.11,2733
220.88,2920
220.89,2815
220.9,2978
219.69,2933
219.69,2967
218.49,2982
218.48,3170
218.48,2923
217.28,2913
217.28,2907
216.1,2910
216.09,2849
216.09,2917
214.87,2973
214.86,2866
213.65,3005
213.64,2969
212.46,2996
212.46,2959
212.45,3074
211.26,2982
211.24,3009
210.04,2914
210.05,3086
210.04,3081
208.86,2955
208.86,2979
207.66,3122
207.67,3022
207.68,2855
206.47,3096
206.46,2891
205.28,3137
205.27,3170
205.25,2973
204.06,3064
204.05,3090
202.84,2971
202.85,2934
201.66,3096
201.66,3168
201.67,3125
200.44,3044
200.44,3228
199.22,3053
199.23,3022
