;Frequency;Resistance;Delta F;Delta R;Delta Mass;Time (s);Tag
0;5004918.9;9.533;0.0;0.0;0.0;0.597;5
1;5004918.8;9.533;-0.1;0.0;0.001766784;13.481;0
2;5004918.8;9.534;-0.1;0.001;0.001766784;14.549;0
3;5004918.8;9.534;-0.1;0.001;0.001766784;15.628;0
4;5004918.8;9.534;-0.1;0.001;0.001766784;16.705;0
5;5004918.8;9.533;-0.1;0.0;0.001766784;17.771;0
6;5004918.8;9.534;-0.1;0.001;0.001766784;18.852;0
7;5004918.8;9.534;-0.1;0.001;0.001766784;19.92;0
8;5004918.8;9.533;-0.1;0.0;0.001766784;20.998;0
9;5004918.8;9.533;-0.1;0.0;0.001766784;22.067;0
10;5004918.8;9.533;-0.1;0.0;0.001766784;23.144;0
11;5004918.8;9.533;-0.1;0.0;0.001766784;24.219;0
12;5004918.8;9.533;-0.1;0.0;0.001766784;25.302;0
13;5004918.8;9.534;-0.1;0.001;0.001766784;26.369;0
14;5004918.8;9.534;-0.1;0.001;0.001766784;27.448;0
15;5004918.8;9.533;-0.1;0.0;0.001766784;28.515;0
16;5004918.8;9.533;-0.1;0.0;0.001766784;29.597;0
17;5004918.8;9.533;-0.1;0.0;0.001766784;30.675;0
18;5004918.7;9.533;-0.2;0.0;0.003533569;31.751;0
19;5004918.8;9.533;-0.1;0.0;0.001766784;32.824;0
20;5004918.8;9.533;-0.1;0.0;0.001766784;33.888;0
21;5004918.8;9.533;-0.1;0.0;0.001766784;34.971;0
22;5004918.8;9.533;-0.1;0.0;0.001766784;36.048;0
23;5004918.8;9.533;-0.1;0.0;0.001766784;37.118;0
24;5004918.8;9.533;-0.1;0.0;0.001766784;38.193;0
25;5004918.8;9.534;-0.1;0.001;0.001766784;39.267;0
26;5004918.8;9.533;-0.1;0.0;0.001766784;40.332;0
27;5004918.8;9.534;-0.1;0.001;0.001766784;41.412;0
28;5004918.8;9.533;-0.1;0.0;0.001766784;42.49;0
29;5004918.8;9.534;-0.1;0.001;0.001766784;43.558;0
30;5004918.8;9.534;-0.1;0.001;0.001766784;44.634;0
31;5004918.8;9.534;-0.1;0.001;0.001766784;45.708;0
32;5004918.8;9.534;-0.1;0.001;0.001766784;46.788;0
33;5004918.8;9.534;-0.1;0.001;0.001766784;47.866;0
34;5004918.8;9.534;-0.1;0.001;0.001766784;48.938;0
35;5004918.8;9.534;-0.1;0.001;0.001766784;50.001;0
36;5004918.8;9.533;-0.1;0.0;0.001766784;51.085;0
37;5004918.8;9.534;-0.1;0.001;0.001766784;52.161;0
38;5004918.8;9.534;-0.1;0.001;0.001766784;53.236;0
39;5004918.8;9.534;-0.1;0.001;0.001766784;54.31;0
40;5004918.8;9.534;-0.1;0.001;0.001766784;55.373;0
41;5004918.8;9.534;-0.1;0.001;0.001766784;56.454;0
42;5004918.8;9.534;-0.1;0.001;0.001766784;57.53;0
43;5004918.8;9.534;-0.1;0.001;0.001766784;58.599;0
44;5004918.8;9.533;-0.1;0.0;0.001766784;59.674;0
45;5004918.7;9.534;-0.2;0.001;0.003533569;60.751;0
46;5004918.8;9.534;-0.1;0.001;0.001766784;61.816;0
47;5004918.8;9.534;-0.1;0.001;0.001766784;62.895;0
48;5004918.8;9.533;-0.1;0.0;0.001766784;63.97;0
49;5004918.8;9.533;-0.1;0.0;0.001766784;65.045;0
50;5004918.8;9.534;-0.1;0.001;0.001766784;66.123;0
51;5004918.8;9.534;-0.1;0.001;0.001766784;67.199;0
52;5004918.8;9.533;-0.1;0.0;0.001766784;68.274;0
53;5004918.8;9.533;-0.1;0.0;0.001766784;69.357;0
54;5004918.8;9.534;-0.1;0.001;0.001766784;70.422;0
55;5004918.8;9.534;-0.1;0.001;0.001766784;71.495;0
56;5004918.8;9.535;-0.1;0.002;0.001766784;72.574;0
57;5004918.8;9.533;-0.1;0.0;0.001766784;73.647;0
58;5004918.8;9.534;-0.1;0.001;0.001766784;74.717;0
59;5004918.8;9.534;-0.1;0.001;0.001766784;75.797;0
60;5004918.8;9.534;-0.1;0.001;0.001766784;76.877;0
61;5004918.8;9.533;-0.1;0.0;0.001766784;77.958;0
62;5004918.8;9.534;-0.1;0.001;0.001766784;79.02;0
63;5004918.8;9.534;-0.1;0.001;0.001766784;80.098;0
64;5004918.7;9.534;-0.2;0.001;0.003533569;81.179;0
65;5004918.7;9.533;-0.2;0.0;0.003533569;82.247;0
66;5004918.8;9.533;-0.1;0.0;0.001766784;83.331;0
67;5004918.7;9.533;-0.2;0.0;0.003533569;84.401;0
68;5004918.7;9.533;-0.2;0.0;0.003533569;85.469;0
69;5004918.8;9.533;-0.1;0.0;0.001766784;86.548;0
70;5004918.8;9.534;-0.1;0.001;0.001766784;87.628;0
71;5004918.8;9.534;-0.1;0.001;0.001766784;88.702;0
72;5004918.7;9.534;-0.2;0.001;0.003533569;89.774;0
73;5004918.8;9.534;-0.1;0.001;0.001766784;90.854;0
74;5004918.6;9.534;-0.3;0.001;0.005300353;91.92;0
75;5004918.6;9.534;-0.3;0.001;0.005300353;92.993;0
76;5004918.7;9.534;-0.2;0.001;0.003533569;94.072;0
77;5004918.7;9.534;-0.2;0.001;0.003533569;95.154;0
78;5004918.7;9.533;-0.2;0.0;0.003533569;96.222;0
79;5004918.7;9.534;-0.2;0.001;0.003533569;97.3;0
80;5004918.7;9.534;-0.2;0.001;0.003533569;98.374;0
81;5004918.8;9.533;-0.1;0.0;0.001766784;99.448;0
82;5004918.7;9.533;-0.2;0.0;0.003533569;100.525;0
83;5004918.7;9.534;-0.2;0.001;0.003533569;101.594;0
84;5004918.8;9.534;-0.1;0.001;0.001766784;102.673;0
85;5004918.8;9.533;-0.1;0.0;0.001766784;103.747;0
86;5004918.8;9.533;-0.1;0.0;0.001766784;104.824;0
87;5004918.7;9.534;-0.2;0.001;0.003533569;105.89;0
88;5004918.7;9.534;-0.2;0.001;0.003533569;106.965;0
89;5004918.6;9.534;-0.3;0.001;0.005300353;108.046;0
90;5004918.7;9.534;-0.2;0.001;0.003533569;109.124;0
91;5004918.8;9.534;-0.1;0.001;0.001766784;110.201;0
92;5004918.7;9.533;-0.2;0.0;0.003533569;111.269;0
93;5004918.7;9.534;-0.2;0.001;0.003533569;112.337;0
94;5004918.8;9.534;-0.1;0.001;0.001766784;113.42;0
95;5004918.7;9.533;-0.2;0.0;0.003533569;114.488;0
96;5004918.6;9.534;-0.3;0.001;0.005300353;115.567;0
97;5004918.8;9.534;-0.1;0.001;0.001766784;116.633;0
98;5004918.7;9.534;-0.2;0.001;0.003533569;117.713;0
99;5004918.8;9.534;-0.1;0.001;0.001766784;118.791;0
100;5004918.7;9.535;-0.2;0.002;0.003533569;119.857;0
101;5004918.8;9.533;-0.1;0.0;0.001766784;120.932;0
102;5004918.7;9.534;-0.2;0.001;0.003533569;122.013;0
103;5004918.8;9.534;-0.1;0.001;0.001766784;123.085;0
104;5004918.6;9.534;-0.3;0.001;0.005300353;124.165;0
105;5004918.6;9.533;-0.3;0.0;0.005300353;125.232;0
106;5004918.7;9.533;-0.2;0.0;0.003533569;126.316;0
107;5004918.7;9.533;-0.2;0.0;0.003533569;127.389;0
108;5004918.8;9.533;-0.1;0.0;0.001766784;128.463;0
109;5004918.7;9.533;-0.2;0.0;0.003533569;129.53;0
110;5004918.6;9.534;-0.3;0.001;0.005300353;130.61;0
111;5004918.6;9.534;-0.3;0.001;0.005300353;131.674;0
112;5004918.6;9.534;-0.3;0.001;0.005300353;132.759;0
113;5004918.7;9.533;-0.2;0.0;0.003533569;133.834;0
114;5004918.7;9.533;-0.2;0.0;0.003533569;134.898;0
115;5004918.8;9.533;-0.1;0.0;0.001766784;135.98;0
116;5004918.8;9.533;-0.1;0.0;0.001766784;137.055;0
117;5004918.7;9.534;-0.2;0.001;0.003533569;138.119;0
118;5004918.8;9.533;-0.1;0.0;0.001766784;139.198;0
119;5004918.7;9.533;-0.2;0.0;0.003533569;140.276;0
120;5004918.8;9.532;-0.1;-0.001;0.001766784;141.354;0
121;5004918.8;9.533;-0.1;0.0;0.001766784;142.422;0
122;5004918.8;9.535;-0.1;0.002;0.001766784;143.502;0
123;5004918.8;9.534;-0.1;0.001;0.001766784;144.576;0
124;5004918.7;9.533;-0.2;0.0;0.003533569;145.641;0
125;5004918.8;9.534;-0.1;0.001;0.001766784;146.72;0
126;5004918.8;9.533;-0.1;0.0;0.001766784;147.798;0
127;5004918.7;9.533;-0.2;0.0;0.003533569;148.872;0
128;5004918.8;9.533;-0.1;0.0;0.001766784;149.936;0
129;5004918.8;9.534;-0.1;0.001;0.001766784;151.012;0
130;5004918.8;9.533;-0.1;0.0;0.001766784;152.097;0
131;5004918.8;9.534;-0.1;0.001;0.001766784;153.163;0
132;5004918.8;9.534;-0.1;0.001;0.001766784;154.247;0
133;5004918.7;9.535;-0.2;0.002;0.003533569;155.309;0
134;5004918.8;9.534;-0.1;0.001;0.001766784;156.394;0
135;5004918.8;9.534;-0.1;0.001;0.001766784;157.464;0
136;5004918.8;9.534;-0.1;0.001;0.001766784;158.54;0
137;5004918.8;9.535;-0.1;0.002;0.001766784;159.606;0
138;5004918.8;9.535;-0.1;0.002;0.001766784;160.68;0
139;5004918.8;9.534;-0.1;0.001;0.001766784;161.76;0
140;5004918.8;9.536;-0.1;0.003;0.001766784;162.834;0
141;5004918.7;9.536;-0.2;0.003;0.003533569;163.904;0
142;5004918.8;9.535;-0.1;0.002;0.001766784;164.979;0
143;5004918.8;9.535;-0.1;0.002;0.001766784;166.059;0
144;5004918.7;9.535;-0.2;0.002;0.003533569;167.125;0
145;5004918.8;9.534;-0.1;0.001;0.001766784;168.21;0
146;5004918.8;9.534;-0.1;0.001;0.001766784;169.276;0
147;5004918.8;9.535;-0.1;0.002;0.001766784;170.355;0
148;5004918.8;9.535;-0.1;0.002;0.001766784;171.42;0
149;5004918.8;9.535;-0.1;0.002;0.001766784;172.497;0
150;5004918.7;9.534;-0.2;0.001;0.003533569;173.577;0
151;5004918.7;9.535;-0.2;0.002;0.003533569;174.655;0
152;5004918.7;9.534;-0.2;0.001;0.003533569;175.73;0
153;5004918.6;9.535;-0.3;0.002;0.005300353;176.802;0
154;5004918.8;9.535;-0.1;0.002;0.001766784;177.869;0
155;5004918.7;9.536;-0.2;0.003;0.003533569;178.948;0
156;5004918.8;9.535;-0.1;0.002;0.001766784;180.03;0
157;5004918.8;9.534;-0.1;0.001;0.001766784;181.099;0
158;5004918.7;9.534;-0.2;0.001;0.003533569;182.179;0
159;5004918.8;9.534;-0.1;0.001;0.001766784;183.256;0
160;5004918.8;9.534;-0.1;0.001;0.001766784;184.323;0
161;5004918.7;9.535;-0.2;0.002;0.003533569;185.395;0
162;5004918.7;9.535;-0.2;0.002;0.003533569;186.476;0
163;5004918.7;9.535;-0.2;0.002;0.003533569;187.554;0
164;5004918.8;9.536;-0.1;0.003;0.001766784;188.631;0
165;5004918.8;9.535;-0.1;0.002;0.001766784;189.699;0
166;5004918.7;9.536;-0.2;0.003;0.003533569;190.782;0
167;5004918.8;9.535;-0.1;0.002;0.001766784;191.859;0
168;5004918.7;9.534;-0.2;0.001;0.003533569;192.934;0
169;5004918.6;9.534;-0.3;0.001;0.005300353;194.001;0
170;5004918.7;9.534;-0.2;0.001;0.003533569;195.084;0
171;5004918.7;9.534;-0.2;0.001;0.003533569;196.154;0
172;5004918.7;9.534;-0.2;0.001;0.003533569;197.23;0
173;5004918.6;9.534;-0.3;0.001;0.005300353;198.308;0
174;5004918.8;9.534;-0.1;0.001;0.001766784;199.375;0
175;5004918.7;9.535;-0.2;0.002;0.003533569;200.459;0
176;5004918.7;9.534;-0.2;0.001;0.003533569;201.527;0
177;5004918.7;9.534;-0.2;0.001;0.003533569;202.61;0
178;5004918.7;9.534;-0.2;0.001;0.003533569;203.673;0
179;5004918.7;9.534;-0.2;0.001;0.003533569;204.752;0
180;5004918.7;9.535;-0.2;0.002;0.003533569;205.835;0
181;5004918.7;9.535;-0.2;0.002;0.003533569;206.904;0
182;5004918.6;9.535;-0.3;0.002;0.005300353;207.982;0
183;5004918.6;9.536;-0.3;0.003;0.005300353;209.059;0
184;5004918.6;9.534;-0.3;0.001;0.005300353;210.124;0
185;5004918.7;9.535;-0.2;0.002;0.003533569;211.206;0
186;5004918.7;9.535;-0.2;0.002;0.003533569;212.277;0
187;5004918.7;9.536;-0.2;0.003;0.003533569;213.346;0
188;5004918.7;9.535;-0.2;0.002;0.003533569;214.42;0
189;5004918.7;9.534;-0.2;0.001;0.003533569;215.499;0
190;5004918.7;9.534;-0.2;0.001;0.003533569;216.579;0
191;5004918.6;9.535;-0.3;0.002;0.005300353;217.644;0
192;5004918.6;9.535;-0.3;0.002;0.005300353;218.716;0
193;5004918.7;9.534;-0.2;0.001;0.003533569;219.794;0
194;5004918.6;9.535;-0.3;0.002;0.005300353;220.869;0
195;5004918.7;9.535;-0.2;0.002;0.003533569;221.95;0
196;5004918.7;9.535;-0.2;0.002;0.003533569;223.018;0
197;5004918.6;9.535;-0.3;0.002;0.005300353;224.095;0
198;5004918.7;9.534;-0.2;0.001;0.003533569;225.172;0
199;5004918.6;9.534;-0.3;0.001;0.005300353;226.24;0
200;5004918.6;9.535;-0.3;0.002;0.005300353;227.317;0
201;5004918.6;9.534;-0.3;0.001;0.005300353;228.384;0
202;5004918.7;9.534;-0.2;0.001;0.003533569;229.466;0
203;5004918.6;9.535;-0.3;0.002;0.005300353;230.544;0
204;5004918.7;9.535;-0.2;0.002;0.003533569;231.611;0
205;5004918.7;9.534;-0.2;0.001;0.003533569;232.688;0
206;5004918.7;9.535;-0.2;0.002;0.003533569;233.756;0
207;5004918.7;9.535;-0.2;0.002;0.003533569;234.835;0
208;5004918.7;9.534;-0.2;0.001;0.003533569;235.904;0
209;5004918.6;9.534;-0.3;0.001;0.005300353;236.978;0
210;5004918.6;9.535;-0.3;0.002;0.005300353;238.055;0
211;5004918.6;9.534;-0.3;0.001;0.005300353;239.135;0
212;5004918.6;9.536;-0.3;0.003;0.005300353;240.213;0
213;5004918.7;9.536;-0.2;0.003;0.003533569;241.284;0
214;5004918.7;9.535;-0.2;0.002;0.003533569;242.351;0
215;5004918.6;9.535;-0.3;0.002;0.005300353;243.424;0
216;5004918.6;9.534;-0.3;0.001;0.005300353;244.507;0
217;5004918.7;9.535;-0.2;0.002;0.003533569;245.585;0
218;5004918.7;9.535;-0.2;0.002;0.003533569;246.652;0
219;5004918.7;9.536;-0.2;0.003;0.003533569;247.724;0
220;5004918.7;9.535;-0.2;0.002;0.003533569;248.805;0
221;5004918.6;9.534;-0.3;0.001;0.005300353;249.872;0
222;5004918.7;9.536;-0.2;0.003;0.003533569;250.952;0
223;5004918.6;9.535;-0.3;0.002;0.005300353;252.03;0
224;5004918.6;9.535;-0.3;0.002;0.005300353;253.098;0
225;5004918.6;9.535;-0.3;0.002;0.005300353;254.176;0
226;5004918.7;9.535;-0.2;0.002;0.003533569;255.243;0
227;5004918.6;9.534;-0.3;0.001;0.005300353;256.326;0
228;5004918.6;9.534;-0.3;0.001;0.005300353;257.395;0
229;5004918.6;9.534;-0.3;0.001;0.005300353;258.477;0
230;5004918.6;9.534;-0.3;0.001;0.005300353;259.542;0
231;5004918.7;9.534;-0.2;0.001;0.003533569;260.619;0
232;5004918.7;9.534;-0.2;0.001;0.003533569;261.697;0
233;5004918.7;9.534;-0.2;0.001;0.003533569;262.764;0
234;5004918.6;9.534;-0.3;0.001;0.005300353;263.843;0
235;5004918.6;9.534;-0.3;0.001;0.005300353;264.911;0
236;5004918.6;9.534;-0.3;0.001;0.005300353;265.989;0
237;5004918.7;9.534;-0.2;0.001;0.003533569;267.065;0
238;5004918.6;9.534;-0.3;0.001;0.005300353;268.15;0
239;5004918.7;9.535;-0.2;0.002;0.003533569;269.214;0
240;5004918.6;9.534;-0.3;0.001;0.005300353;270.29;0
241;5004918.6;9.534;-0.3;0.001;0.005300353;271.369;0
242;5004918.7;9.534;-0.2;0.001;0.003533569;272.439;0
243;5004918.6;9.534;-0.3;0.001;0.005300353;273.517;0
244;5004918.6;9.534;-0.3;0.001;0.005300353;274.597;0
245;5004918.6;9.535;-0.3;0.002;0.005300353;275.662;0
246;5004918.6;9.534;-0.3;0.001;0.005300353;276.745;0
247;5004918.6;9.533;-0.3;0.0;0.005300353;277.811;0
248;5004918.6;9.534;-0.3;0.001;0.005300353;278.905;0
249;5004918.6;9.534;-0.3;0.001;0.005300353;279.979;0
250;5004918.6;9.534;-0.3;0.001;0.005300353;281.044;0
251;5004918.6;9.534;-0.3;0.001;0.005300353;282.13;0
252;5004918.6;9.533;-0.3;0.0;0.005300353;283.196;0
253;5004918.5;9.534;-0.4;0.001;0.007067138;284.271;0
254;5004918.6;9.534;-0.3;0.001;0.005300353;285.344;0
255;5004918.6;9.534;-0.3;0.001;0.005300353;286.419;0
256;5004918.6;9.534;-0.3;0.001;0.005300353;287.5;0
257;5004918.6;9.534;-0.3;0.001;0.005300353;288.571;0
258;5004918.6;9.534;-0.3;0.001;0.005300353;289.65;0
259;5004918.6;9.534;-0.3;0.001;0.005300353;290.719;0
260;5004918.6;9.534;-0.3;0.001;0.005300353;291.798;0
261;5004918.6;9.535;-0.3;0.002;0.005300353;292.868;0
262;5004918.6;9.534;-0.3;0.001;0.005300353;293.936;0
263;5004918.6;9.535;-0.3;0.002;0.005300353;295.019;0
264;5004918.6;9.535;-0.3;0.002;0.005300353;296.082;0
265;5004918.5;9.534;-0.4;0.001;0.007067138;297.161;0
266;5004918.6;9.534;-0.3;0.001;0.005300353;298.236;0
267;5004918.6;9.535;-0.3;0.002;0.005300353;299.313;0
268;5004918.6;9.534;-0.3;0.001;0.005300353;300.397;0
269;5004918.6;9.533;-0.3;0.0;0.005300353;301.466;0
270;5004918.6;9.534;-0.3;0.001;0.005300353;302.543;0
271;5004918.6;9.533;-0.3;0.0;0.005300353;303.617;0
272;5004918.5;9.532;-0.4;-0.001;0.007067138;304.693;0
273;5004918.6;9.533;-0.3;0.0;0.005300353;305.773;0
274;5004918.6;9.533;-0.3;0.0;0.005300353;306.848;0
275;5004918.5;9.533;-0.4;0.0;0.007067138;307.912;0
276;5004918.6;9.534;-0.3;0.001;0.005300353;309.026;0
277;5004918.6;9.533;-0.3;0.0;0.005300353;310.064;0
278;5004918.6;9.533;-0.3;0.0;0.005300353;311.147;0
279;5004918.6;9.533;-0.3;0.0;0.005300353;312.212;0
280;5004918.5;9.533;-0.4;0.0;0.007067138;313.29;0
281;5004918.6;9.534;-0.3;0.001;0.005300353;314.367;0
282;5004918.5;9.534;-0.4;0.001;0.007067138;315.445;0
283;5004918.6;9.534;-0.3;0.001;0.005300353;316.507;0
284;5004918.5;9.534;-0.4;0.001;0.007067138;317.583;0
285;5004918.5;9.533;-0.4;0.0;0.007067138;318.665;0
286;5004918.6;9.534;-0.3;0.001;0.005300353;319.737;0
287;5004918.6;9.534;-0.3;0.001;0.005300353;320.813;0
288;5004918.6;9.533;-0.3;0.0;0.005300353;321.881;0
289;5004918.6;9.534;-0.3;0.001;0.005300353;322.954;0
290;5004918.6;9.534;-0.3;0.001;0.005300353;324.034;0
291;5004918.6;9.536;-0.3;0.003;0.005300353;325.107;0
292;5004918.6;9.535;-0.3;0.002;0.005300353;326.173;0
293;5004918.6;9.535;-0.3;0.002;0.005300353;327.247;0
294;5004918.6;9.534;-0.3;0.001;0.005300353;328.327;0
295;5004918.6;9.534;-0.3;0.001;0.005300353;329.405;0
296;5004918.6;9.534;-0.3;0.001;0.005300353;330.49;0
297;5004918.6;9.534;-0.3;0.001;0.005300353;331.568;0
298;5004918.6;9.534;-0.3;0.001;0.005300353;332.638;0
299;5004918.6;9.534;-0.3;0.001;0.005300353;333.713;0
300;5004918.6;9.533;-0.3;0.0;0.005300353;334.781;0
301;5004918.6;9.534;-0.3;0.001;0.005300353;335.86;0
302;5004918.6;9.534;-0.3;0.001;0.005300353;336.938;0
303;5004918.6;9.534;-0.3;0.001;0.005300353;338.007;0
304;5004918.6;9.534;-0.3;0.001;0.005300353;339.075;0
305;5004918.6;9.534;-0.3;0.001;0.005300353;340.152;0
306;5004918.6;9.533;-0.3;0.0;0.005300353;341.231;0
307;5004918.6;9.533;-0.3;0.0;0.005300353;342.3;0
308;5004918.6;9.533;-0.3;0.0;0.005300353;343.38;0
309;5004918.6;9.534;-0.3;0.001;0.005300353;344.446;0
310;5004918.6;9.534;-0.3;0.001;0.005300353;345.521;0
311;5004918.6;9.535;-0.3;0.002;0.005300353;346.599;0
312;5004918.6;9.534;-0.3;0.001;0.005300353;347.677;0
313;5004918.6;9.535;-0.3;0.002;0.005300353;348.754;0
314;5004918.6;9.534;-0.3;0.001;0.005300353;349.83;0
315;5004918.6;9.535;-0.3;0.002;0.005300353;350.898;0
316;5004918.6;9.535;-0.3;0.002;0.005300353;351.981;0
317;5004918.6;9.534;-0.3;0.001;0.005300353;353.05;0
318;5004918.5;9.534;-0.4;0.001;0.007067138;354.132;0
319;5004918.5;9.534;-0.4;0.001;0.007067138;355.208;0
320;5004918.5;9.535;-0.4;0.002;0.007067138;356.273;0
321;5004918.6;9.534;-0.3;0.001;0.005300353;357.353;0
322;5004918.6;9.535;-0.3;0.002;0.005300353;358.431;0
323;5004918.6;9.535;-0.3;0.002;0.005300353;359.5;0
324;5004918.6;9.535;-0.3;0.002;0.005300353;360.58;0
325;5004918.6;9.535;-0.3;0.002;0.005300353;361.658;0
326;5004918.6;9.536;-0.3;0.003;0.005300353;362.725;0
327;5004918.6;9.536;-0.3;0.003;0.005300353;363.803;0
328;5004918.6;9.536;-0.3;0.003;0.005300353;364.877;0
329;5004918.5;9.535;-0.4;0.002;0.007067138;365.952;0
330;5004918.6;9.536;-0.3;0.003;0.005300353;367.023;0
331;5004918.6;9.535;-0.3;0.002;0.005300353;368.091;0
332;5004918.6;9.535;-0.3;0.002;0.005300353;369.167;0
333;5004918.5;9.534;-0.4;0.001;0.007067138;370.246;0
334;5004918.4;9.535;-0.5;0.002;0.008833922;371.312;0
335;5004918.5;9.535;-0.4;0.002;0.007067138;372.392;0
336;5004918.6;9.535;-0.3;0.002;0.005300353;373.472;0
337;5004918.6;9.535;-0.3;0.002;0.005300353;374.549;0
338;5004918.5;9.536;-0.4;0.003;0.007067138;375.621;0
339;5004918.5;9.536;-0.4;0.003;0.007067138;376.704;0
340;5004918.6;72.268;-0.3;62.735;0.005300353;377.766;0
341;5004183.7;341.23;-735.2;331.697;12.9894;378.853;0
342;5004187.0;330.99;-731.9;321.457;12.9311;379.922;0
343;5004214.4;334.54;-704.5;325.007;12.447;380.995;0
344;5004208.5;343.85;-710.4;334.317;12.55124;382.077;0
345;5004217.5;334.92;-701.4;325.387;12.39223;383.15;0
346;5004215.3;333.96;-703.6;324.427;12.4311;384.217;0
347;5004215.9;329.96;-703.0;320.427;12.42049;385.287;0
348;5004208.4;324.77;-710.5;315.237;12.553;386.373;0
349;5004205.7;324.82;-713.2;315.287;12.60071;387.445;0
350;5004205.8;324.83;-713.1;315.297;12.59894;388.516;0
351;5004206.3;324.62;-712.6;315.087;12.59011;389.592;0
352;5004206.6;324.98;-712.3;315.447;12.58481;390.666;0
353;5004205.2;325.06;-713.7;315.527;12.60954;391.739;0
354;5004203.4;324.91;-715.5;315.377;12.64134;392.814;0
355;5004203.1;325.05;-715.8;315.517;12.64664;393.885;0
356;5004202.9;325.29;-716.0;315.757;12.65018;394.967;0
357;5004204.0;325.13;-714.9;315.597;12.63074;396.037;0
358;5004204.0;325.15;-714.9;315.617;12.63074;397.115;0
359;5004204.2;325.15;-714.7;315.617;12.62721;398.187;0
360;5004205.0;324.73;-713.9;315.197;12.61307;399.271;0
361;5004205.6;324.41;-713.3;314.877;12.60247;400.343;0
362;5004206.1;324.32;-712.8;314.787;12.59364;401.415;0
363;5004207.0;324.0;-711.9;314.467;12.57774;402.489;0
364;5004206.7;324.31;-712.2;314.777;12.58304;403.568;0
365;5004204.7;324.97;-714.2;315.437;12.61837;404.643;0
366;5004205.7;324.9;-713.2;315.367;12.60071;405.714;0
367;5004206.3;324.8;-712.6;315.267;12.59011;406.784;0
368;5004206.6;324.75;-712.3;315.217;12.58481;407.866;0
369;5004206.7;324.7;-712.2;315.167;12.58304;408.941;0
370;5004206.7;324.63;-712.2;315.097;12.58304;410.01;0
371;5004206.6;324.55;-712.3;315.017;12.58481;411.083;0
372;5004206.5;324.5;-712.4;314.967;12.58657;412.174;0
373;5004206.4;324.51;-712.5;314.977;12.58834;413.245;0
374;5004206.4;324.55;-712.5;315.017;12.58834;414.32;0
375;5004206.4;324.58;-712.5;315.047;12.58834;415.382;0
376;5004206.4;324.59;-712.5;315.057;12.58834;416.467;0
377;5004206.5;324.6;-712.4;315.067;12.58657;417.54;0
378;5004206.4;324.62;-712.5;315.087;12.58834;418.612;0
379;5004206.4;324.65;-712.5;315.117;12.58834;419.694;0
380;5004206.5;324.67;-712.4;315.137;12.58657;420.758;0
381;5004206.5;324.7;-712.4;315.167;12.58657;421.832;0
382;5004207.1;324.62;-711.8;315.087;12.57597;422.908;0
383;5004207.3;324.24;-711.6;314.707;12.57244;423.984;0
384;5004207.1;324.12;-711.8;314.587;12.57597;425.068;0
385;5004207.1;323.95;-711.8;314.417;12.57597;426.142;0
386;5004207.3;323.73;-711.6;314.197;12.57244;427.212;0
387;5004206.8;323.81;-712.1;314.277;12.58127;428.285;0
388;5004206.4;323.97;-712.5;314.437;12.58834;429.367;0
389;5004206.3;324.13;-712.6;314.597;12.59011;430.436;0
390;5004206.6;324.1;-712.3;314.567;12.58481;431.507;0
391;5004206.9;324.09;-712.0;314.557;12.57951;432.592;0
392;5004206.7;324.14;-712.2;314.607;12.58304;433.661;0
393;5004206.7;324.19;-712.2;314.657;12.58304;434.744;0
394;5004206.8;324.18;-712.1;314.647;12.58127;435.817;0
395;5004207.2;324.05;-711.7;314.517;12.5742;436.887;0
396;5004207.9;323.68;-711.0;314.147;12.56184;437.955;0
397;5004207.6;323.66;-711.3;314.127;12.56714;439.037;0
398;5004207.1;323.83;-711.8;314.297;12.57597;440.107;0
399;5004206.9;324.03;-712.0;314.497;12.57951;441.189;0
400;5004206.7;324.14;-712.2;314.607;12.58304;442.26;0
401;5004206.8;324.23;-712.1;314.697;12.58127;443.33;0
402;5004206.8;324.24;-712.1;314.707;12.58127;444.403;0
403;5004206.8;324.21;-712.1;314.677;12.58127;445.479;0
404;5004206.8;324.2;-712.1;314.667;12.58127;446.545;0
405;5004206.9;324.2;-712.0;314.667;12.57951;447.629;0
406;5004206.9;324.21;-712.0;314.677;12.57951;448.705;0
407;5004206.9;324.25;-712.0;314.717;12.57951;449.778;0
408;5004206.9;324.31;-712.0;314.777;12.57951;450.851;0
409;5004206.8;324.4;-712.1;314.867;12.58127;451.928;0
410;5004206.8;324.47;-712.1;314.937;12.58127;453.001;0
411;5004206.9;324.51;-712.0;314.977;12.57951;454.073;0
412;5004206.9;324.55;-712.0;315.017;12.57951;455.148;0
413;5004206.8;324.61;-712.1;315.077;12.58127;456.226;0
414;5004206.9;324.65;-712.0;315.117;12.57951;457.294;0
415;5004206.9;324.63;-712.0;315.097;12.57951;458.366;0
416;5004206.9;324.6;-712.0;315.067;12.57951;459.449;0
417;5004206.9;324.59;-712.0;315.057;12.57951;460.525;0
418;5004206.9;324.57;-712.0;315.037;12.57951;461.6;0
419;5004206.9;324.56;-712.0;315.027;12.57951;462.669;0
420;5004206.9;324.54;-712.0;315.007;12.57951;463.743;0
421;5004206.9;324.51;-712.0;314.977;12.57951;464.826;0
422;5004207.0;324.48;-711.9;314.947;12.57774;465.909;0
423;5004207.0;324.46;-711.9;314.927;12.57774;466.981;0
424;5004207.0;324.46;-711.9;314.927;12.57774;468.051;0
425;5004207.0;324.43;-711.9;314.897;12.57774;469.128;0
426;5004207.0;324.4;-711.9;314.867;12.57774;470.2;0
427;5004207.0;324.38;-711.9;314.847;12.57774;471.281;0
428;5004207.1;324.37;-711.8;314.837;12.57597;472.351;0
429;5004207.1;324.4;-711.8;314.867;12.57597;473.423;0
430;5004207.1;324.4;-711.8;314.867;12.57597;474.511;0
431;5004207.1;324.34;-711.8;314.807;12.57597;475.586;0
432;5004207.3;324.23;-711.6;314.697;12.57244;476.658;0
433;5004207.4;324.15;-711.5;314.617;12.57067;477.727;0
434;5004207.6;323.87;-711.3;314.337;12.56714;478.808;0
435;5004208.1;323.63;-710.8;314.097;12.5583;479.879;0
436;5004208.2;323.56;-710.7;314.027;12.55654;480.954;0
437;5004208.0;323.62;-710.9;314.087;12.56007;482.025;0
438;5004208.0;323.72;-710.9;314.187;12.56007;483.101;0
439;5004208.0;323.68;-710.9;314.147;12.56007;484.172;0
440;5004208.0;323.68;-710.9;314.147;12.56007;485.257;0
441;5004209.0;323.98;-709.9;314.447;12.5424;486.331;0
442;5004209.5;323.4;-709.4;313.867;12.53357;487.402;0
443;5004209.1;323.35;-709.8;313.817;12.54064;488.473;0
444;5004209.2;323.33;-709.7;313.797;12.53887;489.55;0
445;5004209.4;323.33;-709.5;313.797;12.53534;490.62;0
446;5004209.5;323.29;-709.4;313.757;12.53357;491.692;0
447;5004209.7;323.23;-709.2;313.697;12.53004;492.777;0
448;5004209.8;323.22;-709.1;313.687;12.52827;493.851;0
449;5004209.8;323.21;-709.1;313.677;12.52827;494.921;0
450;5004209.9;323.19;-709.0;313.657;12.5265;495.998;0
451;5004210.1;323.2;-708.8;313.667;12.52297;497.067;0
452;5004210.3;323.2;-708.6;313.667;12.51943;498.145;0
453;5004210.5;323.18;-708.4;313.647;12.5159;499.228;0
454;5004210.7;323.16;-708.2;313.627;12.51237;500.301;0
455;5004210.8;323.15;-708.1;313.617;12.5106;501.365;0
456;5004210.9;323.17;-708.0;313.637;12.50883;502.45;0
457;5004210.9;323.22;-708.0;313.687;12.50883;503.521;0
458;5004210.9;323.28;-708.0;313.747;12.50883;504.593;0
459;5004211.3;323.22;-707.6;313.687;12.50177;505.673;0
460;5004211.7;323.15;-707.2;313.617;12.4947;506.742;0
461;5004211.4;323.2;-707.5;313.667;12.5;507.825;0
462;5004211.2;323.18;-707.7;313.647;12.50353;508.901;0
463;5004211.2;323.13;-707.7;313.597;12.50353;509.972;0
464;5004211.2;323.12;-707.7;313.587;12.50353;511.041;0
465;5004211.3;323.14;-707.6;313.607;12.50177;512.121;0
466;5004211.3;323.15;-707.6;313.617;12.50177;513.195;0
467;5004211.4;323.13;-707.5;313.597;12.5;514.266;0
468;5004211.4;323.11;-707.5;313.577;12.5;515.337;0
469;5004211.4;323.11;-707.5;313.577;12.5;516.425;0
470;5004211.5;323.11;-707.4;313.577;12.49823;517.495;0
471;5004211.7;323.11;-707.2;313.577;12.4947;518.568;0
472;5004211.8;323.11;-707.1;313.577;12.49293;519.637;0
473;5004212.0;323.08;-706.9;313.547;12.4894;520.715;0
474;5004212.2;323.1;-706.7;313.567;12.48587;521.786;0
475;5004212.3;323.11;-706.6;313.577;12.4841;522.876;0
476;5004212.6;323.12;-706.3;313.587;12.4788;523.948;0
477;5004212.7;323.14;-706.2;313.607;12.47703;525.018;0
478;5004212.6;323.17;-706.3;313.637;12.4788;526.104;0
479;5004212.5;323.18;-706.4;313.647;12.48057;527.174;0
480;5004212.6;323.2;-706.3;313.667;12.4788;528.254;0
481;5004212.5;323.19;-706.4;313.657;12.48057;529.333;0
482;5004212.5;323.16;-706.4;313.627;12.48057;530.403;0
483;5004212.7;323.15;-706.2;313.617;12.47703;531.472;0
484;5004212.8;323.14;-706.1;313.607;12.47527;532.544;0
485;5004212.9;323.12;-706.0;313.587;12.4735;533.628;0
486;5004213.2;323.13;-705.7;313.597;12.4682;534.711;0
487;5004213.3;323.14;-705.6;313.607;12.46643;535.785;0
488;5004213.4;323.17;-705.5;313.637;12.46466;536.865;0
489;5004213.4;323.19;-705.5;313.657;12.46466;537.938;0
490;5004213.7;323.28;-705.2;313.747;12.45936;539.004;0
491;5004213.7;323.34;-705.2;313.807;12.45936;540.079;0
492;5004213.7;323.33;-705.2;313.797;12.45936;541.154;0
493;5004213.6;323.34;-705.3;313.807;12.46113;542.225;0
494;5004213.3;323.33;-705.6;313.797;12.46643;543.296;0
495;5004213.1;323.36;-705.8;313.827;12.46996;544.381;0
496;5004213.0;323.39;-705.9;313.857;12.47173;545.447;0
497;5004213.0;323.39;-705.9;313.857;12.47173;546.531;0
498;5004213.1;323.37;-705.8;313.837;12.46996;547.604;0
499;5004213.2;323.36;-705.7;313.827;12.4682;548.676;0
500;5004213.3;323.38;-705.6;313.847;12.46643;549.753;0
501;5004213.4;323.36;-705.5;313.827;12.46466;550.829;0
502;5004213.4;323.35;-705.5;313.817;12.46466;551.891;0
503;5004213.4;323.34;-705.5;313.807;12.46466;552.973;0
504;5004213.4;323.35;-705.5;313.817;12.46466;554.042;0
505;5004213.5;323.35;-705.4;313.817;12.4629;555.113;0
506;5004213.6;323.35;-705.3;313.817;12.46113;556.198;0
507;5004213.8;323.37;-705.1;313.837;12.4576;557.267;0
508;5004214.0;323.36;-704.9;313.827;12.45406;558.336;0
509;5004214.1;323.41;-704.8;313.877;12.4523;559.419;0
510;5004214.3;323.45;-704.6;313.917;12.44876;560.494;0
511;5004214.6;323.48;-704.3;313.947;12.44346;561.562;0
512;5004214.6;323.52;-704.3;313.987;12.44346;562.632;0
513;5004214.7;323.55;-704.2;314.017;12.4417;563.713;0
514;5004214.8;323.58;-704.1;314.047;12.43993;564.784;0
515;5004214.7;323.59;-704.2;314.057;12.4417;565.852;0
516;5004214.8;323.6;-704.1;314.067;12.43993;566.936;0
517;5004214.8;323.58;-704.1;314.047;12.43993;568.017;0
518;5004214.8;323.59;-704.1;314.057;12.43993;569.093;0
519;5004214.8;323.61;-704.1;314.077;12.43993;570.164;0
520;5004214.8;323.62;-704.1;314.087;12.43993;571.236;0
521;5004214.9;323.61;-704.0;314.077;12.43816;572.307;0
522;5004214.9;323.64;-704.0;314.107;12.43816;573.392;0
523;5004214.9;323.68;-704.0;314.147;12.43816;574.458;0
524;5004214.8;323.72;-704.1;314.187;12.43993;575.532;0
525;5004214.8;323.73;-704.1;314.197;12.43993;576.606;0
526;5004214.7;323.73;-704.2;314.197;12.4417;577.69;0
527;5004214.6;323.73;-704.3;314.197;12.44346;578.764;0
528;5004214.7;323.73;-704.2;314.197;12.4417;579.834;0
529;5004214.6;323.74;-704.3;314.207;12.44346;580.909;0
530;5004214.5;323.74;-704.4;314.207;12.44523;581.984;0
531;5004214.4;323.74;-704.5;314.207;12.447;583.063;0
532;5004214.3;323.73;-704.6;314.197;12.44876;584.145;0
533;5004214.3;323.78;-704.6;314.247;12.44876;585.208;0
534;5004214.6;323.78;-704.3;314.247;12.44346;586.293;0
535;5004214.8;323.85;-704.1;314.317;12.43993;587.363;0
536;5004214.9;323.88;-704.0;314.347;12.43816;588.434;0
537;5004215.0;323.88;-703.9;314.347;12.4364;589.516;0
538;5004215.1;323.88;-703.8;314.347;12.43463;590.587;0
539;5004215.0;323.9;-703.9;314.367;12.4364;591.657;0
540;5004215.0;323.92;-703.9;314.387;12.4364;592.742;0
541;5004214.9;323.95;-704.0;314.417;12.43816;593.814;0
542;5004214.9;323.95;-704.0;314.417;12.43816;594.883;0
543;5004214.8;323.93;-704.1;314.397;12.43993;595.954;0
544;5004214.7;323.93;-704.2;314.397;12.4417;597.036;0
545;5004214.8;323.91;-704.1;314.377;12.43993;598.108;0
546;5004214.6;323.91;-704.3;314.377;12.44346;599.191;0
547;5004214.8;323.92;-704.1;314.387;12.43993;600.265;0
548;5004214.8;323.92;-704.1;314.387;12.43993;601.329;0
549;5004214.8;323.91;-704.1;314.377;12.43993;602.408;0
550;5004214.8;323.89;-704.1;314.357;12.43993;603.476;0
551;5004214.6;323.89;-704.3;314.357;12.44346;604.557;0
552;5004214.6;323.93;-704.3;314.397;12.44346;605.639;0
553;5004214.6;323.97;-704.3;314.437;12.44346;606.708;0
554;5004214.6;323.99;-704.3;314.457;12.44346;607.78;0
555;5004214.6;323.99;-704.3;314.457;12.44346;608.864;0
556;5004214.7;323.98;-704.2;314.447;12.4417;609.933;0
557;5004214.6;323.98;-704.3;314.447;12.44346;611.001;0
558;5004214.6;323.97;-704.3;314.437;12.44346;612.076;0
559;5004214.5;323.96;-704.4;314.427;12.44523;613.15;0
560;5004214.4;323.94;-704.5;314.407;12.447;614.231;0
561;5004214.3;323.95;-704.6;314.417;12.44876;615.306;0
562;5004214.4;323.97;-704.5;314.437;12.447;616.38;0
563;5004214.5;323.99;-704.4;314.457;12.44523;617.451;0
564;5004214.6;323.99;-704.3;314.457;12.44346;618.521;0
565;5004214.6;324.0;-704.3;314.467;12.44346;619.594;0
566;5004214.6;323.99;-704.3;314.457;12.44346;620.679;0
567;5004214.8;323.97;-704.1;314.437;12.43993;621.754;0
568;5004214.8;323.95;-704.1;314.417;12.43993;622.823;0
569;5004214.8;323.92;-704.1;314.387;12.43993;623.9;0
570;5004214.8;323.92;-704.1;314.387;12.43993;624.971;0
571;5004214.8;323.95;-704.1;314.417;12.43993;626.045;0
572;5004214.9;323.98;-704.0;314.447;12.43816;627.128;0
573;5004214.9;324.0;-704.0;314.467;12.43816;628.195;0
574;5004215.0;324.02;-703.9;314.487;12.4364;629.269;0
575;5004215.1;324.01;-703.8;314.477;12.43463;630.345;0
576;5004215.1;324.02;-703.8;314.487;12.43463;631.416;0
577;5004215.1;324.01;-703.8;314.477;12.43463;632.49;0
578;5004215.1;324.03;-703.8;314.497;12.43463;633.563;0
579;5004215.3;324.04;-703.6;314.507;12.4311;634.638;0
580;5004215.5;324.05;-703.4;314.517;12.42756;635.719;0
581;5004215.7;324.03;-703.2;314.497;12.42403;636.787;0
582;5004215.8;324.0;-703.1;314.467;12.42226;637.859;0
583;5004215.9;323.97;-703.0;314.437;12.42049;638.934;0
584;5004215.9;323.97;-703.0;314.437;12.42049;640.015;0
585;5004216.0;323.96;-702.9;314.427;12.41873;641.085;0
586;5004216.1;323.96;-702.8;314.427;12.41696;642.169;0
587;5004216.1;323.97;-702.8;314.437;12.41696;643.242;0
588;5004216.2;323.99;-702.7;314.457;12.41519;644.308;0
589;5004216.3;324.0;-702.6;314.467;12.41343;645.388;0
590;5004216.6;324.02;-702.3;314.487;12.40813;646.46;0
591;5004216.6;324.04;-702.3;314.507;12.40813;647.532;0
592;5004216.9;324.05;-702.0;314.517;12.40283;648.607;0
593;5004217.0;324.06;-701.9;314.527;12.40106;649.688;0
594;5004217.0;324.07;-701.9;314.537;12.40106;650.76;0
595;5004217.2;324.16;-701.7;314.627;12.39753;651.829;0
596;5004217.4;324.24;-701.5;314.707;12.39399;652.916;0
597;5004217.5;324.28;-701.4;314.747;12.39223;653.989;0
598;5004217.6;324.28;-701.3;314.747;12.39046;655.063;0
599;5004217.8;324.28;-701.1;314.747;12.38693;656.139;0
600;5004218.0;324.3;-700.9;314.767;12.38339;657.21;0
601;5004218.2;324.35;-700.7;314.817;12.37986;658.285;0
602;5004218.3;324.4;-700.6;314.867;12.37809;659.36;0
603;5004218.3;324.43;-700.6;314.897;12.37809;660.433;0
604;5004218.4;324.51;-700.5;314.977;12.37633;661.512;0
